query,ground_true,answer,query_quality,tbp_answer,tbp05,tbp08
你好，我19号已经把东西按要求退货了，20号说去拿，今天了还没有办理退款呢,发起售后申请后多久可以退款？,发起售后申请后多久可以退款？,3.0,什么是7天无理由退货？,什么是7天无理由退货？,
什么时候退款不要再忽悠了,发起售后申请后多久可以退款？,发起售后申请后多久可以退款？,2.0,发起售后申请后多久可以退款？,发起售后申请后多久可以退款？,什么是7天无理由退货？
那什么时候可以退款,发起售后申请后多久可以退款？,发起售后申请后多久可以退款？,2.0,发起售后申请后多久可以退款？,发起售后申请后多久可以退款？,发起售后申请后多久可以退款？
5月21号就说退款到现在还没消息了,发起售后申请后多久可以退款？,,3.0,发起售后申请后多久可以退款？,发起售后申请后多久可以退款？,发起售后申请后多久可以退款？
到现在退款都没到,发起售后申请后多久可以退款？,,3.0,发起售后申请后多久可以退款？,发起售后申请后多久可以退款？,发起售后申请后多久可以退款？
其他的没啥了，到哪一天没退款我可以再找你们呢？,发起售后申请后多久可以退款？,发起售后申请后多久可以退款？,3.0,发起售后申请后多久可以退款？,,发起售后申请后多久可以退款？
我再次申请可以，问题是啥时候能处理好？,发起售后申请后多久可以退款？,,3.0,发起售后申请后多久可以退款？,发起售后申请后多久可以退款？,发起售后申请后多久可以退款？
怎样啦我那个1块退款,,,,发起售后申请后多久可以退款？,,发起售后申请后多久可以退款？
我已经申请退款了，怎么还没有到账？,发起售后申请后多久可以退款？,,3.0,发起售后申请后多久可以退款？,发起售后申请后多久可以退款？,发起售后申请后多久可以退款？
我昨天提交了订单退款了怎么没有显示呢,发起售后申请后多久可以退款？,,3.0,发起售后申请后多久可以退款？,发起售后申请后多久可以退款？,发起售后申请后多久可以退款？
我申请退款都48小时了,发起售后申请后多久可以退款？,,3.0,发起售后申请后多久可以退款？,发起售后申请后多久可以退款？,发起售后申请后多久可以退款？
怎么不给我退款刚才我是买错了,发起售后申请后多久可以退款？,买错了，需要修改订单内容,3.0,发起售后申请后多久可以退款？,发起售后申请后多久可以退款？,发起售后申请后多久可以退款？
请问我那玉米什么时候退款怎么退款,发起售后申请后多久可以退款？,,3.0,发起售后申请后多久可以退款？,可以拒签商品吗,发起售后申请后多久可以退款？
为什么还没有退货退款,发起售后申请后多久可以退款？,如何申请退款/退货？,3.0,后台显示待退货,,后台显示待退货
我定的牛肉酱啥时候会到,购买后多久可以收到产品？,,2.0,商家发货地是哪里？,商家发货地是哪里？,商家发货地是哪里？
我什么时候可以收到,购买后多久可以收到产品？,下单后多久可以收到？,2.0,购买后多久可以收到产品？,购买后多久可以收到产品？,质量问题
要多久才能到货啊,购买后多久可以收到产品？,下单后多久可以收到？,2.0,购买后多久可以收到产品？,质量问题,质量问题
多久呢,,,,购买后多久可以收到产品？,,
还要多久啊，我好饿好急用着呢/::<,购买后多久可以收到产品？,,3.0,购买后多久可以收到产品？,质量问题,
全部都烂掉了,坏果烂果,质量问题,2.0,坏果烂果,坏果烂果,商家拒绝退款/退货申请，怎么办？
烂果昨天已经拍给卖家了,坏果烂果,,2.0,坏果烂果,坏果烂果,
这个卖家发货过来的芒果都烂了,坏果烂果,坏果烂果,2.0,坏果烂果,商家拒绝退款/退货申请，怎么办？,坏果烂果
你好，我买的这个牛奶，全部坏了,坏果烂果,质量问题,2.0,坏果烂果,商家拒绝退款/退货申请，怎么办？,商家拒绝退款/退货申请，怎么办？
收到的芒果中间全烂了,坏果烂果,坏果烂果,2.0,坏果烂果,坏果烂果,商家拒绝退款/退货申请，怎么办？
总共收到三个芒果，两个大的都是烂的,坏果烂果,坏果烂果,2.0,坏果烂果,商家拒绝退款/退货申请，怎么办？,坏果烂果
买的芒果都烂掉了,坏果烂果,坏果烂果,2.0,坏果烂果,坏果烂果,坏果烂果
水果48小时不坏了吗？,,,,坏果烂果,,坏果烂果
水果有坏的。商家客服没人处理,坏果烂果,坏果烂果,3.0,坏果烂果,,坏果烂果
这是一个看上去好的一个果，削皮后看到都损伤了，这个几天削的每一果都差不多。,坏果烂果,坏果烂果,3.0,坏果烂果,坏果烂果,坏果烂果
买的芒果都是坏的,坏果烂果,坏果烂果,2.0,坏果烂果,坏果烂果,坏果烂果
没见过烂成这样的水果,坏果烂果,坏果烂果,2.0,坏果烂果,坏果烂果,坏果烂果
发的都什么番茄啊 ，不能吃啊 你看一下评价，8成的人都发的坏的,坏果烂果,坏果烂果,3.0,坏果烂果,坏果烂果,坏果烂果
问一个，水果的坏果，赔付吗,坏果烂果,坏果烂果,2.0,坏果烂果,坏果烂果,坏果烂果
买的货烂的太多咋办？,坏果烂果,收到商品破损/少件/错发,2.0,坏果烂果,坏果烂果,坏果烂果
总共收到4个果子，3个烂的,坏果烂果,坏果烂果,2.0,坏果烂果,坏果烂果,坏果烂果
我这买的芒果都是烂的,坏果烂果,坏果烂果,2.0,坏果烂果,坏果烂果,坏果烂果
怎么烂水果还能这么慢呀,坏果烂果,坏果烂果,3.0,坏果烂果,坏果烂果,坏果烂果
芒果寄来都是烂的,坏果烂果,坏果烂果,2.0,坏果烂果,坏果烂果,坏果烂果
买的水果有烂果，客服没人处理,坏果烂果,坏果烂果,2.0,坏果烂果,坏果烂果,坏果烂果
水果都烂了,坏果烂果,坏果烂果,2.0,坏果烂果,坏果烂果,坏果烂果
亲我下单的水果到了，有一个坏了，想商家发图片结果一直发不出去,坏果烂果,收到商品破损/少件/错发,3.0,坏果烂果,坏果烂果,坏果烂果
我说水果坏了,坏果烂果,坏果烂果,2.0,坏果烂果,坏果烂果,坏果烂果
两个果都是烂的,坏果烂果,坏果烂果,2.0,坏果烂果,坏果烂果,坏果烂果
有烂果不给处理,坏果烂果,坏果烂果,2.0,坏果烂果,坏果烂果,坏果烂果
收到芒果都烂了,坏果烂果,坏果烂果,2.0,坏果烂果,坏果烂果,坏果烂果
你好有很多坏果,坏果烂果,,2.0,坏果烂果,坏果烂果,坏果烂果
买的香蕉都烂了,坏果烂果,坏果烂果,2.0,坏果烂果,坏果烂果,坏果烂果
这次买的芒果有三个摔坏的，联系商家没回信息，买之前说是坏果包赔,坏果烂果,收到商品破损/少件/错发,3.0,坏果烂果,坏果烂果,坏果烂果
12个苹果烂了5个。其他的几个还质量不好，这能吃吗？吃出问题了，你们负责吗？,坏果烂果,坏果烂果,3.0,坏果烂果,坏果烂果,坏果烂果
我买了三斤小洋葱，有三颗是坏的,坏果烂果,坏果烂果,3.0,坏果烂果,坏果烂果,坏果烂果
坏果昨天就扔了，拿出来时在流水放着长小虫子,坏果烂果,坏果烂果,3.0,坏果烂果,坏果烂果,坏果烂果
烂的都不成样了,坏果烂果,质量问题,3.0,坏果烂果,坏果烂果,坏果烂果
五个瓜三个烂的，两个也就尝个水味,坏果烂果,坏果烂果,3.0,坏果烂果,坏果烂果,坏果烂果
总共七个苹果，坏果4个[Facepalm],坏果烂果,坏果烂果,3.0,坏果烂果,,坏果烂果
怎么拒签,可以拒签商品吗,可以拒签商品吗,2.0,可以拒签商品吗,,发起售后申请后多久可以退款？
为什么我的东西到了一直不送货,快递不派送,快递无走件信息,2.0,快递不派送,快递不派送,快递不派送
快递还不给送,快递不派送,快递无走件信息,2.0,快递不派送,快递不派送,
货也不派送,快递不派送,快递不派送,2.0,快递不派送,快递不派送,快递不派送
快递未派送,快递不派送,快递不派送,2.0,快递不派送,平台客服介入处理需要多久？,快递不派送
快递不派送,快递不派送,快递不派送,2.0,快递不派送,快递不派送,快递不派送
在驿站一个礼拜不派送,快递不派送,,2.0,快递不派送,快递不派送,快递不派送
到宜昌两天为什么不送货？,快递不派送,快递不派送,2.0,快递不派送,快递不派送,快递不派送
昨天就到宜昌怎么到现在不送货,快递不派送,快递不派送,2.0,快递不派送,快递不派送,快递不派送
现在就是在派送,快递不派送,,2.0,快递不派送,下单后多久可以收到？,快递不派送
商家怎么不送货,快递不派送,快递不派送,3.0,快递不派送,快递不派送,快递中途显示返回了
我问你商家怎么不送货呢,快递不派送,快递不派送,3.0,快递不派送,快递不派送,快递不派送
说在派送中，现在还没有接到通知,快递不派送,,3.0,,,
咋地，你代收就不送了？,快递不派送,快递不派送,3.0,,,
取货码,快递放驿站/快递柜，我没有收到取件码,快递放驿站/快递柜，我没有收到取件码,3.0,快递放驿站/快递柜，我没有收到取件码,快递放驿站/快递柜，我没有收到取件码,快递放驿站/快递柜，我没有收到取件码
我快递到了，怎么看取件码,快递放驿站/快递柜，我没有收到取件码,快递放驿站/快递柜，我没有收到取件码,3.0,快递放驿站/快递柜，我没有收到取件码,快递放驿站/快递柜，我没有收到取件码,快递放驿站/快递柜，我没有收到取件码
不知道取货码,快递放驿站/快递柜，我没有收到取件码,快递放驿站/快递柜，我没有收到取件码,2.0,快递放驿站/快递柜，我没有收到取件码,快递放驿站/快递柜，我没有收到取件码,平台官方热线电话是多少？
给我取件码啊,快递放驿站/快递柜，我没有收到取件码,快递放驿站/快递柜，我没有收到取件码,3.0,快递放驿站/快递柜，我没有收到取件码,快递放驿站/快递柜，我没有收到取件码,快递放驿站/快递柜，我没有收到取件码
收不到短信，没取件码,快递放驿站/快递柜，我没有收到取件码,快递放驿站/快递柜，我没有收到取件码,2.0,快递放驿站/快递柜，我没有收到取件码,快递放驿站/快递柜，我没有收到取件码,快递放驿站/快递柜，我没有收到取件码
信息说到了，我这也没取货码,快递放驿站/快递柜，我没有收到取件码,快递放驿站/快递柜，我没有收到取件码,2.0,快递放驿站/快递柜，我没有收到取件码,快递放驿站/快递柜，我没有收到取件码,快递放驿站/快递柜，我没有收到取件码
没取件码,快递放驿站/快递柜，我没有收到取件码,快递放驿站/快递柜，我没有收到取件码,2.0,快递放驿站/快递柜，我没有收到取件码,快递放驿站/快递柜，我没有收到取件码,快递放驿站/快递柜，我没有收到取件码
昨天就到了，没取件码，什么今天的单子？！,快递放驿站/快递柜，我没有收到取件码,快递放驿站/快递柜，我没有收到取件码,2.0,快递放驿站/快递柜，我没有收到取件码,快递放驿站/快递柜，我没有收到取件码,快递放驿站/快递柜，我没有收到取件码
没有取件码,快递放驿站/快递柜，我没有收到取件码,快递放驿站/快递柜，我没有收到取件码,2.0,快递放驿站/快递柜，我没有收到取件码,快递放驿站/快递柜，我没有收到取件码,快递放驿站/快递柜，我没有收到取件码
我买的那个手帕纸，到了菜鸟驿站怎么没有取件码呢,快递放驿站/快递柜，我没有收到取件码,快递放驿站/快递柜，我没有收到取件码,2.0,快递放驿站/快递柜，我没有收到取件码,快递放驿站/快递柜，我没有收到取件码,快递放驿站/快递柜，我没有收到取件码
亲，我买的那个手帕纸，到了菜鸟驿站怎么没有取件码呢,快递放驿站/快递柜，我没有收到取件码,快递放驿站/快递柜，我没有收到取件码,2.0,快递放驿站/快递柜，我没有收到取件码,快递放驿站/快递柜，我没有收到取件码,快递放驿站/快递柜，我没有收到取件码
怎么每次都没有取件码,快递放驿站/快递柜，我没有收到取件码,快递放驿站/快递柜，我没有收到取件码,2.0,快递放驿站/快递柜，我没有收到取件码,快递放驿站/快递柜，我没有收到取件码,快递放驿站/快递柜，我没有收到取件码
取件码怎么又没有啊,快递放驿站/快递柜，我没有收到取件码,快递放驿站/快递柜，我没有收到取件码,2.0,快递放驿站/快递柜，我没有收到取件码,快递放驿站/快递柜，我没有收到取件码,
也没有取件码,快递放驿站/快递柜，我没有收到取件码,快递放驿站/快递柜，我没有收到取件码,2.0,快递放驿站/快递柜，我没有收到取件码,快递放驿站/快递柜，我没有收到取件码,快递无走件信息
快递不给取件码,快递放驿站/快递柜，我没有收到取件码,快递放驿站/快递柜，我没有收到取件码,2.0,快递放驿站/快递柜，我没有收到取件码,快递放驿站/快递柜，我没有收到取件码,快递放驿站/快递柜，我没有收到取件码
但是没有取件码,快递放驿站/快递柜，我没有收到取件码,快递放驿站/快递柜，我没有收到取件码,2.0,快递放驿站/快递柜，我没有收到取件码,快递放驿站/快递柜，我没有收到取件码,快递放驿站/快递柜，我没有收到取件码
收不到取件码,快递放驿站/快递柜，我没有收到取件码,快递放驿站/快递柜，我没有收到取件码,2.0,快递放驿站/快递柜，我没有收到取件码,快递无走件信息,快递无走件信息
还是没取件码,快递放驿站/快递柜，我没有收到取件码,快递放驿站/快递柜，我没有收到取件码,2.0,快递放驿站/快递柜，我没有收到取件码,快递无走件信息,快递无走件信息
我想退货了，19号买的今天都24号了还没更新过快递也没显示到,快递停滞不更新,,3.0,如何操作退货？,如何操作退货？,
还不到。物流信息也不更新,快递停滞不更新,快递停滞不更新,2.0,快递停滞不更新,,快递中途显示返回了
发货了两天物流不更新,快递停滞不更新,,2.0,快递停滞不更新,,
订单物流长时间不更新,快递停滞不更新,快递停滞不更新,2.0,快递停滞不更新,快递停滞不更新,
我的物流消息一直没有更新，我也没收到取货信息,快递停滞不更新,快递无走件信息,2.0,快递停滞不更新,快递停滞不更新,快递停滞不更新
我的商品发了好几天了怎么还沒到呀信息也沒更新什么原因？,快递停滞不更新,,2.0,快递停滞不更新,快递停滞不更新,快递停滞不更新
不要了，退款，几天都没有物流信息,快递停滞不更新,,2.0,快递停滞不更新,快递停滞不更新,快递停滞不更新
物流信息不更新,快递停滞不更新,快递停滞不更新,2.0,快递停滞不更新,快递停滞不更新,快递停滞不更新
两天没更新物流信息了？,快递停滞不更新,快递无走件信息,2.0,快递停滞不更新,,快递停滞不更新
16号之后物流再没有更新过,快递停滞不更新,快递停滞不更新,2.0,快递停滞不更新,快递停滞不更新,快递停滞不更新
物流怎么不更新,快递停滞不更新,快递停滞不更新,2.0,快递停滞不更新,快递停滞不更新,快递停滞不更新
快递都没更新啊,快递停滞不更新,快递停滞不更新,2.0,快递停滞不更新,快递停滞不更新,
发货了，这都过去10天了，物流未更新，也未说明什么问题导致，就让买家干等吗？不让退,快递停滞不更新,,2.0,快递停滞不更新,,
但是在订单里面不显示物流信息,如何查看物流信息？,如何查看物流信息？,3,快递停滞不更新,快递停滞不更新,快递停滞不更新
你好为什么我的订单一直没更新,快递停滞不更新,,2.0,快递停滞不更新,快递停滞不更新,快递停滞不更新
快递信息也不更新？,快递停滞不更新,快递停滞不更新,2.0,快递停滞不更新,快递停滞不更新,快递停滞不更新
物流根本没更新,快递停滞不更新,快递停滞不更新,2.0,快递停滞不更新,快递停滞不更新,
快递3天都没有更新，请问可以尽快派送吗？,快递停滞不更新,快递无走件信息,2.0,快递停滞不更新,,快递停滞不更新
两天没有更新物流,快递停滞不更新,快递停滞不更新,2.0,快递停滞不更新,快递停滞不更新,
买的鸡蛋显示一直在运输过程中，已经好多天了，还没有收到，不知道什么回事？,快递停滞不更新,快递中途显示返回了,3.0,购买后多久可以收到产品？,质量问题,
为什么快递不动,快递无走件信息,快递无走件信息,2.0,快递无走件信息,快递无走件信息,快递无走件信息
2天了快递都不动,快递无走件信息,快递无走件信息,2.0,快递无走件信息,快递无走件信息,快递无走件信息
这边看不到物流信息的吗,,如何查看物流信息？,,快递无走件信息,快递无走件信息,快递放驿站/快递柜，我没有收到取件码
我的订单没物流信息呢,快递无走件信息,如何查看物流信息？,3.0,快递无走件信息,快递无走件信息,快递放驿站/快递柜，我没有收到取件码
我看到我拍的托鞋子物流还没有动呢,快递无走件信息,,3.0,快递无走件信息,快递无走件信息,快递放驿站/快递柜，我没有收到取件码
我这物流怎么不动了,快递无走件信息,快递无走件信息,3.0,快递无走件信息,快递无走件信息,快递无走件信息
我也看不到物流的信息了吗,快递无走件信息,如何查看物流信息？,2.0,快递无走件信息,,
快递几天了一直不动,快递无走件信息,快递无走件信息,3.0,快递无走件信息,快递无走件信息,快递无走件信息
买的东西查看了物流详情，咋沒有消息啊？,快递无走件信息,如何查看物流信息？,3.0,快递无走件信息,快递无走件信息,快递无走件信息
快递怎么不动了,快递无走件信息,快递无走件信息,3.0,快递无走件信息,快递无走件信息,快递无走件信息
我买的花物流没有动静,快递无走件信息,快递无走件信息,3.0,快递无走件信息,快递无走件信息,快递无走件信息
还没有物流的,快递无走件信息,快递无走件信息,3.0,快递无走件信息,快递无走件信息,
包裹中途不动了,快递无走件信息,快递无走件信息,3.0,快递无走件信息,快递放驿站/快递柜，我没有收到取件码,快递无走件信息
我买的东西两天没有物流信息,快递无走件信息,快递无走件信息,3.0,快递无走件信息,描述不符,快递无走件信息
麻烦请帮忙查下我的快递怎么没动静？,快递无走件信息,快递无走件信息,3.0,快递无走件信息,快递无走件信息,
我买的东西快递怎么不动,快递无走件信息,快递无走件信息,3.0,快递无走件信息,快递无走件信息,快递无走件信息
快递这两天都没动是咋了,快递无走件信息,快递无走件信息,3.0,快递无走件信息,,快递无走件信息
因为收不到货都停在半路上了一个在北京丰台区一个站点另一个物流也不动了,快递无走件信息,快递无走件信息,3.0,快递无走件信息,描述不符,描述不符
好的，就这个两个单号，物流错误,快递无走件信息,快递中途显示返回了,3.0,快递无走件信息,描述不符,快递无走件信息
是不是快递搞错地址了，我用支付宝微信都扫了的。,快递无走件信息,快递无走件信息,,,,
你好，帮我看看快递是不是送错地方了,快递在其他地址被签收,快递无走件信息,3.0,快递在其他地址被签收,快递在其他地址被签收,快递在其他地址被签收
买的货被寄错地方,快递在其他地址被签收,如何修改收货地址或订单信息？,3.0,快递在其他地址被签收,快递停滞不更新,快递停滞不更新
我的快递异地被别人签收了，都一个星期了，怎么还没有处理的,快递在其他地址被签收,快递中途显示返回了,2.0,快递在其他地址被签收,快递在其他地址被签收,快递在其他地址被签收
还发到其他地方，被签收,快递在其他地址被签收,显示签收但实际未收到,2.0,快递在其他地址被签收,快递在其他地址被签收,快递在其他地址被签收
快递显示的签收不是本人签收，而且并没有告知我地点在哪,快递在其他地址被签收,快递在其他地址被签收,2.0,快递在其他地址被签收,快递停滞不更新,快递停滞不更新
我的收货地址明明是河北邯郸，为什么给我发到山东聊城了,快递在其他地址被签收,,3.0,快递在其他地址被签收,快递在其他地址被签收,快递在其他地址被签收
我的订单显示在福建签收，我留的地址是沈阳,快递在其他地址被签收,快递在其他地址被签收,3.0,快递在其他地址被签收,快递在其他地址被签收,快递在其他地址被签收
都没发到广东，就签收,快递在其他地址被签收,显示签收但实际未收到,3.0,快递在其他地址被签收,快递在其他地址被签收,快递在其他地址被签收
包裹是被签收了吗,快递在其他地址被签收,显示签收但实际未收到,3.0,快递在其他地址被签收,快递停滞不更新,快递在其他地址被签收
快递公司货没送到，信息就已经签收了，我都打了好几个电话给快递公司，都回复我说马上就送过来，结果还是没有收到货,快递在其他地址被签收,快递中途显示返回了,3.0,快递在其他地址被签收,快递在其他地址被签收,快递在其他地址被签收
因为在忙所以忘记有快递。直到我进小程序买东西才发现有个快递签收5天了,快递在其他地址被签收,快递无走件信息,3.0,快递在其他地址被签收,快递停滞不更新,快递放驿站/快递柜，我没有收到取件码
都是异地签收,快递在其他地址被签收,快递在其他地址被签收,3.0,快递在其他地址被签收,快递在其他地址被签收,快递在其他地址被签收
物流信息显示退回了,快递中途显示返回了,快递中途显示返回了,2.0,快递中途显示返回了,快递中途显示返回了,快递中途显示返回了
然后显示退回啥意思,快递中途显示返回了,,2.0,快递中途显示返回了,快递中途显示返回了,快递中途显示返回了
我的快递怎么被退回了,快递中途显示返回了,快递中途显示返回了,2.0,快递中途显示返回了,,快递停滞不更新
快递怎么回复了,快递中途显示返回了,快递无走件信息,2.0,快递中途显示返回了,快递中途显示返回了,快递不派送
我有个快递被退回了,快递中途显示返回了,快递中途显示返回了,2.0,快递中途显示返回了,快递中途显示返回了,快递中途显示返回了
一查才发现被快递公司给退回了,快递中途显示返回了,快递中途显示返回了,2.0,快递中途显示返回了,快递中途显示返回了,快递停滞不更新
我拍错了，想换成44－45,买错了，需要修改订单内容,,2.0,买错了，需要修改订单内容,,买错了，需要修改订单内容
拍错了，还说给我退完了，我没收到,买错了，需要修改订单内容,,3.0,买错了，需要修改订单内容,,
东西下错价格了，取消订单会不会黑,买错了，需要修改订单内容,,3.0,买错了，需要修改订单内容,,下单后多久可以收到？
能否帮我换个码号,买错了，需要修改订单内容,,3.0,买错了，需要修改订单内容,买错了，需要修改订单内容,
码号和颜色拍错了,买错了，需要修改订单内容,买错了，需要修改订单内容,3.0,买错了，需要修改订单内容,买错了，需要修改订单内容,买错了，需要修改订单内容
拍错了 能申请退款吗,买错了，需要修改订单内容,,3.0,买错了，需要修改订单内容,,买错了，需要修改订单内容
拍错了能申请退款吗,买错了，需要修改订单内容,,3.0,买错了，需要修改订单内容,买错了，需要修改订单内容,买错了，需要修改订单内容
退下款，拍错了,买错了，需要修改订单内容,买错了，需要修改订单内容,3.0,买错了，需要修改订单内容,买错了，需要修改订单内容,买错了，需要修改订单内容
可以换别的买吗,买错了，需要修改订单内容,,3.0,买错了，需要修改订单内容,买错了，需要修改订单内容,买错了，需要修改订单内容
已经发货了能改吗,买错了，需要修改订单内容,买错了，需要修改订单内容,3.0,买错了，需要修改订单内容,买错了，需要修改订单内容,买错了，需要修改订单内容
下单的时候也没写无法修改呀,买错了，需要修改订单内容,买错了，需要修改订单内容,3.0,买错了，需要修改订单内容,买错了，需要修改订单内容,买错了，需要修改订单内容
尺码选错了怎么办,买错了，需要修改订单内容,买错了，需要修改订单内容,3.0,买错了，需要修改订单内容,什么快递发货？,买错了，需要修改订单内容
帮忙改一下订单,买错了，需要修改订单内容,买错了，需要修改订单内容,2.0,买错了，需要修改订单内容,买错了，需要修改订单内容,买错了，需要修改订单内容
能改吗,买错了，需要修改订单内容,,2.0,买错了，需要修改订单内容,什么快递发货？,买错了，需要修改订单内容
买东西时点错了，点成了微信那个手机号,买错了，需要修改订单内容,买错了，需要修改订单内容,3.0,买错了，需要修改订单内容,什么快递发货？,买错了，需要修改订单内容
我拍错颜色了,买错了，需要修改订单内容,买错了，需要修改订单内容,2.0,买错了，需要修改订单内容,买错了，需要修改订单内容,买错了，需要修改订单内容
买错了,买错了，需要修改订单内容,买错了，需要修改订单内容,2.0,买错了，需要修改订单内容,什么快递发货？,买错了，需要修改订单内容
我想重新购买,买错了，需要修改订单内容,,3.0,买错了，需要修改订单内容,买错了，需要修改订单内容,买错了，需要修改订单内容
我想买大瓶的错拍小瓶了,买错了，需要修改订单内容,,2.0,买错了，需要修改订单内容,什么快递发货？,买错了，需要修改订单内容
帮我改一下,买错了，需要修改订单内容,买错了，需要修改订单内容,2.0,买错了，需要修改订单内容,买错了，需要修改订单内容,买错了，需要修改订单内容
能帮我换黄色的吗,买错了，需要修改订单内容,,3.0,买错了，需要修改订单内容,什么快递发货？,买错了，需要修改订单内容
这个拍错了,买错了，需要修改订单内容,买错了，需要修改订单内容,2.0,买错了，需要修改订单内容,买错了，需要修改订单内容,
买到假货,买到假货,买到假货,1.0,买到假货,下单后多久可以收到？,
买到假货了怎么处理,买到假货,买到假货,1.0,买到假货,买错了，需要修改订单内容,
是假货,买到假货,买到假货,2.0,买到假货,买到假货,下单后多久可以收到？
是卖假货哈 麻烦尽快处理/::),买到假货,买到假货,2.0,买到假货,买到假货,买错了，需要修改订单内容
买到假货怎么售后？,买到假货,买到假货,3.0,后台显示待退货,商家拒绝退款/退货申请，怎么办？,后台显示待退货
这平台怎么会有假货,买到假货,买到假货,2,,,
东西跟介绍完全不符,描述不符,描述不符,2.0,描述不符,描述不符,描述不符
我收到货，我说怎么和我超市买的吉利的不一样，,描述不符,质量问题,2.0,描述不符,描述不符,快递无走件信息
我买的跟发的货不一样,描述不符,商家一直不发货,2.0,描述不符,描述不符,快递无走件信息
刚收的米跟我买的包装不一样？,描述不符,描述不符,2.0,描述不符,快递无走件信息,描述不符
包装不一样,描述不符,,2.0,描述不符,描述不符,描述不符
和图片差别太大了,描述不符,描述不符,2.0,描述不符,快递无走件信息,描述不符
不是个人原因，东西描述不符欺骗消费者,描述不符,描述不符,2.0,描述不符,收到商品破损/少件/错发,收到商品破损/少件/错发
明显不符,描述不符,描述不符,2.0,描述不符,描述不符,快递无走件信息
你好 你们产品保证是正品吗？,你们平台卖的是正品吗？,你们平台卖的是正品吗？,2.0,你们平台卖的是正品吗？,你们平台卖的是正品吗？,发起售后申请后多久可以退款？
我是说你们平台销售的都是正品呢，为什么，说明书盒子都没有呢，好像是三无产品呢,你们平台卖的是正品吗？,你们平台卖的是正品吗？,2.0,你们平台卖的是正品吗？,你们平台卖的是正品吗？,发起售后申请后多久可以退款？
平台销售的都是正品，那为什么什么都没有呢，好像像三无产品,你们平台卖的是正品吗？,你们平台卖的是正品吗？,2.0,你们平台卖的是正品吗？,你们平台卖的是正品吗？,发起售后申请后多久可以退款？
你们谁或者是什么部门能帮我看一下，这个是正品吗？,你们平台卖的是正品吗？,你们平台卖的是正品吗？,2.0,你们平台卖的是正品吗？,你们平台卖的是正品吗？,发起售后申请后多久可以退款？
生产许可证质量保证证号也没有，还正品，你要笑死我,你们平台卖的是正品吗？,你们平台卖的是正品吗？,3.0,你们平台卖的是正品吗？,,你们平台卖的是正品吗？
怎么证明是正品哦,你们平台卖的是正品吗？,你们平台卖的是正品吗？,3.0,你们平台卖的是正品吗？,发起售后申请后多久可以退款？,什么是7天无理由退货？
你好，都确保是正品么,你们平台卖的是正品吗？,你们平台卖的是正品吗？,3.0,你们平台卖的是正品吗？,,什么是7天无理由退货？
不粘炒锅是不是正品的,你们平台卖的是正品吗？,你们平台卖的是正品吗？,2.0,你们平台卖的是正品吗？,发起售后申请后多久可以退款？,你们平台卖的是正品吗？
人工客服电话,平台官方热线电话是多少？,平台官方热线电话是多少？,2.0,如何联系人工在线客服？,如何联系人工在线客服？,如何联系人工在线客服？
叫联系平台客服,平台官方热线电话是多少？,如何联系人工在线客服？,3.0,平台官方热线电话是多少？,平台官方热线电话是多少？,已经退货了，多久可以退款？
客服电话,平台官方热线电话是多少？,平台官方热线电话是多少？,2.0,平台官方热线电话是多少？,已经退货了，多久可以退款？,已经退货了，多久可以退款？
你们电话多少,平台官方热线电话是多少？,平台官方热线电话是多少？,2.0,平台官方热线电话是多少？,平台官方热线电话是多少？,平台官方热线电话是多少？
电话是多少,平台官方热线电话是多少？,平台官方热线电话是多少？,2.0,平台官方热线电话是多少？,平台官方热线电话是多少？,平台官方热线电话是多少？
你们电话号码是多少,平台官方热线电话是多少？,平台官方热线电话是多少？,2.0,平台官方热线电话是多少？,平台官方热线电话是多少？,平台官方热线电话是多少？
有没有电话或者线下沟通方式,平台官方热线电话是多少？,如何联系人工在线客服？,3.0,平台官方热线电话是多少？,平台官方热线电话是多少？,平台官方热线电话是多少？
把你上级电话给我,平台官方热线电话是多少？,,3.0,平台官方热线电话是多少？,平台官方热线电话是多少？,平台官方热线电话是多少？
有电话吗？,平台官方热线电话是多少？,平台官方热线电话是多少？,3.0,平台官方热线电话是多少？,平台官方热线电话是多少？,平台官方热线电话是多少？
你们就这不负责任吗，还腾讯，你们上一级电话多少,平台官方热线电话是多少？,,3.0,平台官方热线电话是多少？,平台官方热线电话是多少？,平台官方热线电话是多少？
你们客服电话给我,平台官方热线电话是多少？,,3.0,平台官方热线电话是多少？,平台官方热线电话是多少？,平台官方热线电话是多少？
电话联系么,平台官方热线电话是多少？,如何联系人工在线客服？,3.0,平台官方热线电话是多少？,平台官方热线电话是多少？,平台官方热线电话是多少？
哪个是你们电话,平台官方热线电话是多少？,,2.0,平台官方热线电话是多少？,平台官方热线电话是多少？,购买后多久可以收到产品？
有投诉电话吗？,平台官方热线电话是多少？,平台官方热线电话是多少？,2.0,平台官方热线电话是多少？,平台官方热线电话是多少？,平台官方热线电话是多少？
联系电话多少,平台官方热线电话是多少？,平台官方热线电话是多少？,2.0,平台官方热线电话是多少？,平台官方热线电话是多少？,平台官方热线电话是多少？
你们电话多少？,平台官方热线电话是多少？,平台官方热线电话是多少？,2.0,平台官方热线电话是多少？,平台客服介入处理需要多久？,平台官方热线电话是多少？
我申请退货，你们介入，怎么没有联系我,平台客服介入处理需要多久？,商家拒绝退款/退货申请，怎么办？,3.0,什么是7天无理由退货？,,什么是7天无理由退货？
平台介入多久可以处理成功,平台客服介入处理需要多久？,平台客服介入处理需要多久？,2.0,平台客服介入处理需要多久？,平台官方热线电话是多少？,平台客服介入处理需要多久？
你们平台介入几天，就这效率？,平台客服介入处理需要多久？,,3.0,平台客服介入处理需要多久？,平台客服介入处理需要多久？,平台客服介入处理需要多久？
你们是要多久才给我处理？？,平台客服介入处理需要多久？,平台客服介入处理需要多久？,3.0,平台客服介入处理需要多久？,平台客服介入处理需要多久？,
这个怎么取消订单？,如何操作取消订单？,如何操作取消订单？,2.0,如何操作取消订单？,,
我没找到取消订单,如何操作取消订单？,如何操作取消订单？,2.0,如何操作取消订单？,如何操作取消订单？,如何投诉快递
我就当时下单了一个没有给我使用优惠券我取消订单,如何操作取消订单？,如何操作取消订单？,2.0,如何操作取消订单？,如何操作取消订单？,如何投诉快递
请帮我把这个订单取消一下,如何操作取消订单？,如何操作取消订单？,2.0,如何操作取消订单？,如何操作取消订单？,如何操作取消订单？
买完东西没有人拼怎么取消订单,如何操作取消订单？,如何操作取消订单？,2.0,如何操作取消订单？,如何操作取消订单？,如何操作取消订单？
拖鞋这个订单不要了,如何操作取消订单？,,2.0,如何操作取消订单？,如何操作取消订单？,
能取消订单不,如何操作取消订单？,如何操作取消订单？,2.0,如何操作取消订单？,如何操作取消订单？,如何操作取消订单？
能取消吗,如何操作取消订单？,,2.0,如何操作取消订单？,如何操作取消订单？,
还是那个问题，遇到职业打假的需要平台协助处理一下，取消一下订单<订单号>,如何操作取消订单？,,2.0,如何操作取消订单？,如何操作取消订单？,如何操作取消订单？
帮我退下订单,如何操作取消订单？,如何操作取消订单？,2.0,如何操作取消订单？,如何操作取消订单？,如何申请退款/退货？
删除订单,如何操作取消订单？,如何操作取消订单？,2.0,如何操作取消订单？,如何操作取消订单？,如何操作取消订单？
怎么才可以取消订单,如何操作取消订单？,如何操作取消订单？,2.0,如何操作取消订单？,如何操作取消订单？,如何操作取消订单？
订单可以删除嘛,如何操作取消订单？,,2.0,如何操作取消订单？,如何操作退货？,如何操作取消订单？
你好，订单可以删除嘛。,如何操作取消订单？,,2.0,如何操作取消订单？,如何操作退货？,如何操作退货？
为什么不给退货,如何操作退货？,如何操作退货？,3.0,什么是7天无理由退货？,什么是7天无理由退货？,什么快递发货？
我的这订单怎么就退不了吗,如何操作退货？,,3.0,什么是7天无理由退货？,什么是7天无理由退货？,什么是7天无理由退货？
刚还和我说话我退款他不点要我等48小时,如何操作退货？,,3.0,什么是7天无理由退货？,如何申请退款/退货？,后台显示待退货
我在别的地方己买了。退款了吧。,如何操作退货？,,3.0,什么是7天无理由退货？,后台显示待退货,如何申请退款/退货？
你们怎么退,如何操作退货？,,3.0,后台显示待退货,,发起售后申请后多久可以退款？
怎么退货啊,如何操作退货？,如何操作退货？,2.0,如何操作退货？,如何操作退货？,如何申请退款/退货？
退货地址商家都不提供,如何查看商家退货地址？,如何查看商家退货地址？,3.0,如何查看商家退货地址？,如何查看商家退货地址？,如何查看商家退货地址？
退货地址一个给我,如何查看商家退货地址？,如何查看商家退货地址？,2.0,如何查看商家退货地址？,如何查看商家退货地址？,如何查看商家退货地址？
尽快通知商家给我退货地址，,如何查看商家退货地址？,如何查看商家退货地址？,2.0,如何查看商家退货地址？,如何查看商家退货地址？,如何查看商家退货地址？
退货地址,如何查看商家退货地址？,如何查看商家退货地址？,2.0,如何查看商家退货地址？,如何查看物流信息？,如何查看物流信息？
请问发货了吗,如何查看物流信息？,,3.0,下单后多久可以发货？,下单后多久可以发货？,下单后多久可以发货？
买的酱发货了吗？,如何查看物流信息？,,3.0,下单后多久可以发货？,下单后多久可以发货？,下单后多久可以发货？
看下到那了,如何查看物流信息？,,3.0,下单后多久可以发货？,下单后多久可以收到？,
我快递是不是到了？,如何查看物流信息？,快递无走件信息,3.0,什么快递发货？,什么快递发货？,
物流信息在哪里查的呢/::O,如何查看物流信息？,如何查看物流信息？,2.0,如何查看物流信息？,如何查看物流信息？,如何查看商家退货地址？
物流,如何查看物流信息？,快递不派送,2.0,如何查看物流信息？,,如何查看物流信息？
你好，我的物流到哪里了,如何查看物流信息？,什么快递发货？,2.0,如何查看物流信息？,,如何查看商家退货地址？
看物流消息,如何查看物流信息？,如何查看物流信息？,2.0,如何查看物流信息？,如何查看物流信息？,如何查看商家退货地址？
你查一下物流到哪里了,如何查看物流信息？,快递无走件信息,3.0,如何查看物流信息？,如何查看物流信息？,如何查看物流信息？
哪里看到物流信息,如何查看物流信息？,如何查看物流信息？,1.0,如何查看物流信息？,如何查看物流信息？,如何查看物流信息？
怎么查看物流,如何查看物流信息？,如何查看物流信息？,1.0,如何查看物流信息？,如何查看物流信息？,如何查看物流信息？
怎么查物流信息,如何查看物流信息？,如何查看物流信息？,1.0,如何查看物流信息？,,如何查看物流信息？
/::@今天能看见物流信息吗,如何查看物流信息？,如何查看物流信息？,3.0,如何查看物流信息？,如何查看物流信息？,如何查看物流信息？
请问下怎么查物流,如何查看物流信息？,如何查看物流信息？,2.0,如何查看物流信息？,如何查看物流信息？,如何查看物流信息？
那你给我查查多会发的货，有没有物流信息,如何查看物流信息？,如何查看物流信息？,2.0,如何查看物流信息？,如何查看物流信息？,如何申请退款/退货？
查询物流,如何查看物流信息？,如何查看物流信息？,2.0,如何查看物流信息？,如何查看物流信息？,如何查看物流信息？
我可以通过订单号查询物流单号吗,如何查看物流信息？,如何查看物流信息？,2.0,如何查看物流信息？,,如何查看物流信息？
你好，人工服务,如何联系人工在线客服？,,3.0,如何联系人工在线客服？,如何申请退款/退货？,如何申请退款/退货？
你好 人工,如何联系人工在线客服？,,3.0,如何联系人工在线客服？,如何申请退款/退货？,如何申请退款/退货？
没人联系，你们电话打不通,如何联系人工在线客服？,,3.0,如何联系人工在线客服？,如何申请退款/退货？,如何联系人工在线客服？
人工有吗,如何联系人工在线客服？,,2.0,如何联系人工在线客服？,如何申请退款/退货？,如何联系人工在线客服？
转人工,如何联系人工在线客服？,,2.0,如何联系人工在线客服？,如何联系人工在线客服？,如何联系人工在线客服？
你是人工吗,如何联系人工在线客服？,,2.0,如何联系人工在线客服？,如何联系人工在线客服？,如何联系人工在线客服？
商家不在线，联系不上,如何联系人工在线客服？,,2.0,如何联系人工在线客服？,如何联系人工在线客服？,如何联系人工在线客服？
有人工吗？,如何联系人工在线客服？,,2.0,如何联系人工在线客服？,如何联系人工在线客服？,如何联系人工在线客服？
客服有人吗？,如何联系人工在线客服？,如何联系人工在线客服？,2.0,如何联系人工在线客服？,如何联系人工在线客服？,如何联系人工在线客服？
客服在吗,如何联系人工在线客服？,如何联系人工在线客服？,2.0,如何联系人工在线客服？,如何联系人工在线客服？,如何联系人工在线客服？
是人工客服吗,如何联系人工在线客服？,,2.0,如何联系人工在线客服？,如何联系人工在线客服？,已经退货了，多久可以退款？
在吗，客服。,如何联系人工在线客服？,,2.0,如何联系人工在线客服？,如何联系人工在线客服？,如何联系人工在线客服？
有人工客服电话,如何联系人工在线客服？,如何联系人工在线客服？,2.0,如何联系人工在线客服？,如何联系人工在线客服？,如何联系人工在线客服？
转人工客服,如何联系人工在线客服？,如何联系人工在线客服？,2.0,如何联系人工在线客服？,如何联系人工在线客服？,如何联系人工在线客服？
人工吗,如何联系人工在线客服？,,2.0,如何联系人工在线客服？,如何联系人工在线客服？,如何联系人工在线客服？
你好人工,如何联系人工在线客服？,,2.0,如何联系人工在线客服？,如何联系人工在线客服？,如何联系人工在线客服？
平台客服,如何联系人工在线客服？,,2.0,如何联系人工在线客服？,如何联系人工在线客服？,如何联系人工在线客服？
电话联系？,如何联系人工在线客服？,如何联系人工在线客服？,3,平台官方热线电话是多少？,平台官方热线电话是多少？,已经退货了，多久可以退款？
商家客服在哪里联系,如何联系人工在线客服？,如何联系人工在线客服？,3,如何联系人工在线客服？,如何联系人工在线客服？,如何联系人工在线客服？
我要内个10266客服和我说话,如何联系人工在线客服？,如何联系人工在线客服？,,如何联系人工在线客服？,如何联系人工在线客服？,如何联系人工在线客服？
要求退货，为什么到现在不给退？,如何申请退款/退货？,发起售后申请后多久可以退款？,3.0,什么是7天无理由退货？,什么是7天无理由退货？,什么是7天无理由退货？
这么长时间图片明摆着还三番五次扯皮，赶紧给我退款，你们叫快递把面粉取走，别让我天天看着堵心。你们小鹅平台也太弱了吧？,如何申请退款/退货？,,3.0,什么是7天无理由退货？,什么是7天无理由退货？,什么是7天无理由退货？
麻烦退款,如何申请退款/退货？,,3.0,发起售后申请后多久可以退款？,发起售后申请后多久可以退款？,什么是7天无理由退货？
退款的窗口就没了,如何申请退款/退货？,,3.0,发起售后申请后多久可以退款？,,发起售后申请后多久可以退款？
退货退款,如何申请退款/退货？,如何操作退货？,2.0,如何操作退货？,如何操作退货？,如何操作退货？
我多付了一单，退一单行吗？,如何申请退款/退货？,,3.0,如何操作退货？,如何操作退货？,如何操作退货？
这次买的苹果不好，不是富士。我要商家退货或赔偿。我上次也是这家店买的。苹果完全不一样。,如何申请退款/退货？,坏果烂果,3.0,如何操作退货？,如何操作退货？,
我要退款，不良商家！我明明5.9元买的驱蚊液，他给7.9元的洗手液强卖给我，平台应介入。我要退款換驱蚊液。,如何申请退款/退货？,,3.0,如何操作退货？,如何操作退货？,如何操作退货？
商家态度太恶劣，我要退了,如何申请退款/退货？,商家拒绝退款/退货申请，怎么办？,3.0,如何操作退货？,如何操作退货？,如何操作退货？
鞋子2双我可以退货吧,如何申请退款/退货？,,3.0,如何操作退货？,如何操作退货？,
我现在要退货退款，并要商家承担运费,如何申请退款/退货？,如何申请退款/退货？,2.0,如何操作退货？,如何操作退货？,如何操作退货？
我要退货退款,如何申请退款/退货？,如何操作退货？,2.0,如何操作退货？,如何操作退货？,如何操作退货？
我这单商家货品有问题要退,如何申请退款/退货？,,2.0,如何操作退货？,如何操作退货？,如何操作退货？
我要求退货退款,如何申请退款/退货？,如何操作退货？,2.0,如何操作退货？,如何操作退货？,
退货退款吧,如何申请退款/退货？,如何操作退货？,2.0,如何操作退货？,,
买三代羊肉卷，吃一袋，头晕恶心，想把剩下两袋退回，怎么操作？,如何申请退款/退货？,,3.0,如何操作退货？,,如何查看商家退货地址？
我收到的东西是坏的，申请退款,如何申请退款/退货？,收到商品破损/少件/错发,2.0,如何申请退款/退货？,如何申请退款/退货？,如何申请退款/退货？
这不是在玩弄顾客吗？我要求退款,如何申请退款/退货？,商家拒绝退款/退货申请，怎么办？,2.0,如何申请退款/退货？,如何申请退款/退货？,如何申请退款/退货？
我要求退款,如何申请退款/退货？,商家拒绝退款/退货申请，怎么办？,3.0,如何申请退款/退货？,如何申请退款/退货？,如何申请退款/退货？
你们的水果已经损坏怎么退款呢谢谢你！,如何申请退款/退货？,,2.0,如何申请退款/退货？,如何申请退款/退货？,
怎么退款，怎么补发,如何申请退款/退货？,,2.0,如何申请退款/退货？,如何申请退款/退货？,如何申请退款/退货？
我买的商品怎么不能申请退款,如何申请退款/退货？,发起售后申请后多久可以退款？,3.0,如何申请退款/退货？,如何申请退款/退货？,如何申请退款/退货？
你好，我之前买的芒果，要申请退款，芒果已经扔掉了，商家说让拍照，已经没办法拍了。,如何申请退款/退货？,,3.0,如何申请退款/退货？,,如何申请退款/退货？
不要了，我要退货,如何申请退款/退货？,如何操作退货？,2.0,如何申请退款/退货？,如何申请退款/退货？,如何申请退款/退货？
我要全部退款,如何申请退款/退货？,发起售后申请后多久可以退款？,2.0,如何申请退款/退货？,如何申请退款/退货？,如何申请退款/退货？
帮忙退款谢谢。。,如何申请退款/退货？,,3.0,如何申请退款/退货？,如何申请退款/退货？,如何申请退款/退货？
我申请退款,如何申请退款/退货？,发起售后申请后多久可以退款？,2.0,如何申请退款/退货？,如何申请退款/退货？,如何申请退款/退货？
我要求直接退款！,如何申请退款/退货？,商家拒绝退款/退货申请，怎么办？,2.0,如何申请退款/退货？,如何申请退款/退货？,
买的一个产品退款,如何申请退款/退货？,,3.0,如何申请退款/退货？,如何申请退款/退货？,如何申请退款/退货？
怎么申请请退款,如何申请退款/退货？,如何申请退款/退货？,2.0,如何申请退款/退货？,如何申请退款/退货？,如何申请退款/退货？
我不要了，我要退货,如何申请退款/退货？,如何操作退货？,3.0,如何申请退款/退货？,如何申请退款/退货？,如何申请退款/退货？
我想要退款,如何申请退款/退货？,发起售后申请后多久可以退款？,2.0,如何申请退款/退货？,如何申请退款/退货？,如何申请退款/退货？
退款吧,如何申请退款/退货？,申请退货/退款后如何操作撤销退货/退款申请？,2.0,如何申请退款/退货？,如何申请退款/退货？,
这个货我要申请退款，货我已经收到。,如何申请退款/退货？,,3.0,已经退货了，多久可以退款？,已经退货了，多久可以退款？,如何联系人工在线客服？
问题是我申请不了退款,如何申请退款/退货？,发起售后申请后多久可以退款？,2.0,申请退货/退款后如何操作撤销退货/退款申请？,显示签收但实际未收到,
申请仅退款怎么一直申请不了,如何申请退款/退货？,,2.0,申请退货/退款后如何操作撤销退货/退款申请？,申请退货/退款后如何操作撤销退货/退款申请？,申请退货/退款后如何操作撤销退货/退款申请？
我不要了，能不能给我退款了,如何申请退款/退货？,发起售后申请后多久可以退款？,3.0,申请退货/退款后如何操作撤销退货/退款申请？,申请退货/退款后如何操作撤销退货/退款申请？,申请退货/退款后如何操作撤销退货/退款申请？
我在你们平台购买一单筷子，拿到后质量太差了，筷子两边有披风，不能用，能退吗,如何申请退款/退货？,收到商品破损/少件/错发,3.0,质量问题,购买后多久可以收到产品？,质量问题
你给我全退了都行,如何申请退款/退货？,,3.0,,,
给我退钱,如何申请退款/退货？,,3.0,,,如何操作退货？
能退就退了吧,如何申请退款/退货？,发起售后申请后多久可以退款？,3.0,,,
要不然给我退货吧,如何申请退款/退货？,商家拒绝退款/退货申请，怎么办？,,如何操作退货？,,如何操作退货？
麻烦退货,如何申请退款/退货？,如何操作退货？,,如何操作退货？,如何操作退货？,如何操作退货？
我要投诉这个快递,如何投诉快递,如何投诉快递,2.0,如何投诉快递,如何投诉快递,如何投诉快递
我要投诉那个快递员,如何投诉快递,如何投诉快递,2.0,如何投诉快递,,如何投诉快递
投诉快递员,如何投诉快递,如何投诉快递,2.0,如何投诉快递,如何投诉快递,如何投诉快递
在那里可以投诉快递员,如何投诉快递,如何投诉快递,2.0,如何投诉快递,如何投诉快递,如何操作取消订单？
而且我还要投诉快递员,如何投诉快递,如何投诉快递,2.0,如何投诉快递,,如何投诉快递
我要投诉物流公司,如何投诉快递,如何投诉快递,2.0,如何投诉快递,如何操作取消订单？,如何投诉快递
1.投诉快递，没有电话，家里有人，没有送货上门,如何投诉快递,快递不派送,2.0,如何投诉快递,,如何投诉快递
是新安镇，之前发货是中都镇，因为我没看清地址,如何修改收货地址或订单信息？,商家发货地是哪里？,3.0,商家发货地是哪里？,商家发货地是哪里？,商家发货地是哪里？
我想改一下地址,如何修改收货地址或订单信息？,如何修改收货地址或订单信息？,2.0,如何修改收货地址或订单信息？,如何修改收货地址或订单信息？,坏果烂果
昨晚给你发过，地址弄错了,如何修改收货地址或订单信息？,如何修改收货地址或订单信息？,3.0,如何修改收货地址或订单信息？,如何修改收货地址或订单信息？,
那个我的电话号码留错了,如何修改收货地址或订单信息？,如何修改收货地址或订单信息？,3.0,如何修改收货地址或订单信息？,如何修改收货地址或订单信息？,如何修改收货地址或订单信息？
地址填错了如何修改？,如何修改收货地址或订单信息？,如何修改收货地址或订单信息？,2.0,如何修改收货地址或订单信息？,如何修改收货地址或订单信息？,如何修改收货地址或订单信息？
我改地纸,如何修改收货地址或订单信息？,买错了，需要修改订单内容,3.0,如何修改收货地址或订单信息？,如何修改收货地址或订单信息？,如何修改收货地址或订单信息？
订单上的电话号码不对可以改吗,如何修改收货地址或订单信息？,如何修改收货地址或订单信息？,3.0,如何修改收货地址或订单信息？,如何修改收货地址或订单信息？,如何修改收货地址或订单信息？
电话号码填错了,如何修改收货地址或订单信息？,如何修改收货地址或订单信息？,3.0,如何修改收货地址或订单信息？,如何修改收货地址或订单信息？,如何修改收货地址或订单信息？
收货地址也不对,如何修改收货地址或订单信息？,如何修改收货地址或订单信息？,3.0,如何修改收货地址或订单信息？,如何修改收货地址或订单信息？,如何修改收货地址或订单信息？
手机号可以改吗,如何修改收货地址或订单信息？,如何修改收货地址或订单信息？,3.0,如何修改收货地址或订单信息？,如何修改收货地址或订单信息？,如何修改收货地址或订单信息？
地址写错了怎么办,如何修改收货地址或订单信息？,如何修改收货地址或订单信息？,3.0,如何修改收货地址或订单信息？,如何修改收货地址或订单信息？,如何修改收货地址或订单信息？
修改收货地址,如何修改收货地址或订单信息？,如何修改收货地址或订单信息？,2.0,如何修改收货地址或订单信息？,如何修改收货地址或订单信息？,如何修改收货地址或订单信息？
我那电话写错了,如何修改收货地址或订单信息？,如何修改收货地址或订单信息？,3.0,如何修改收货地址或订单信息？,如何修改收货地址或订单信息？,如何修改收货地址或订单信息？
我这个快递手机号填错了,如何修改收货地址或订单信息？,如何修改收货地址或订单信息？,3.0,如何修改收货地址或订单信息？,如何修改收货地址或订单信息？,如何修改收货地址或订单信息？
没有改地址啊,如何修改收货地址或订单信息？,如何修改收货地址或订单信息？,3.0,如何修改收货地址或订单信息？,如何修改收货地址或订单信息？,如何修改收货地址或订单信息？
电话错了,如何修改收货地址或订单信息？,如何修改收货地址或订单信息？,3.0,如何修改收货地址或订单信息？,如何修改收货地址或订单信息？,如何修改收货地址或订单信息？
地址写错了能改吗,如何修改收货地址或订单信息？,买错了，需要修改订单内容,2.0,如何修改收货地址或订单信息？,,如何修改收货地址或订单信息？
换一下地址,如何修改收货地址或订单信息？,如何修改收货地址或订单信息？,2.0,如何修改收货地址或订单信息？,如何修改收货地址或订单信息？,如何修改收货地址或订单信息？
可以改吗,如何修改收货地址或订单信息？,买错了，需要修改订单内容,2.0,如何修改收货地址或订单信息？,如何修改收货地址或订单信息？,如何修改收货地址或订单信息？
没有改地址,如何修改收货地址或订单信息？,买错了，需要修改订单内容,2.0,如何修改收货地址或订单信息？,如何修改收货地址或订单信息？,如何修改收货地址或订单信息？
地址填错了，可以修改吗,如何修改收货地址或订单信息？,买错了，需要修改订单内容,2.0,如何修改收货地址或订单信息？,如何修改收货地址或订单信息？,如何修改收货地址或订单信息？
名字错了,如何修改收货地址或订单信息？,买错了，需要修改订单内容,3.0,如何修改收货地址或订单信息？,如何修改收货地址或订单信息？,如何修改收货地址或订单信息？
能帮我改地址吗,如何修改收货地址或订单信息？,如何修改收货地址或订单信息？,2.0,如何修改收货地址或订单信息？,,如何修改收货地址或订单信息？
有个东西地址错了,如何修改收货地址或订单信息？,如何修改收货地址或订单信息？,3.0,如何修改收货地址或订单信息？,如何修改收货地址或订单信息？,如何修改收货地址或订单信息？
我之前电话号码填错了,如何修改收货地址或订单信息？,如何修改收货地址或订单信息？,3.0,如何修改收货地址或订单信息？,如何修改收货地址或订单信息？,如何修改收货地址或订单信息？
换地址了，收货地址,如何修改收货地址或订单信息？,如何修改收货地址或订单信息？,2.0,如何修改收货地址或订单信息？,如何修改收货地址或订单信息？,如何修改收货地址或订单信息？
改一下发货地址,如何修改收货地址或订单信息？,如何修改收货地址或订单信息？,3.0,如何修改收货地址或订单信息？,如何投诉快递,如何修改收货地址或订单信息？
我地址错了,如何修改收货地址或订单信息？,如何修改收货地址或订单信息？,3.0,如何修改收货地址或订单信息？,如何修改收货地址或订单信息？,如何投诉快递
帮我改一下地址,如何修改收货地址或订单信息？,如何修改收货地址或订单信息？,2.0,如何修改收货地址或订单信息？,,如何修改收货地址或订单信息？
那里发货,商家发货地是哪里？,商家发货地是哪里？,2.0,什么快递发货？,什么快递发货？,什么快递发货？
您这个是全国发货是吗？,商家发货地是哪里？,商家发货地是哪里？,3.0,什么快递发货？,什么快递发货？,什么快递发货？
从哪里发货的啊？,商家发货地是哪里？,商家发货地是哪里？,2.0,什么快递发货？,,
哪里发货,商家发货地是哪里？,商家发货地是哪里？,2.0,商家发货地是哪里？,商家发货地是哪里？,商家发货地是哪里？
你好，哪里发货的,商家发货地是哪里？,商家发货地是哪里？,2.0,商家发货地是哪里？,商家发货地是哪里？,商家发货地是哪里？
哪里发货的啊,商家发货地是哪里？,商家发货地是哪里？,2.0,商家发货地是哪里？,商家延迟发货怎么办？,商家发货地是哪里？
我申请退货退款也不同意,商家拒绝退款/退货申请，怎么办？,如何申请退款/退货？,3.0,什么是7天无理由退货？,什么是7天无理由退货？,你们平台卖的是正品吗？
不给退款,商家拒绝退款/退货申请，怎么办？,商家拒绝退款/退货申请，怎么办？,3.0,发起售后申请后多久可以退款？,发起售后申请后多久可以退款？,什么是7天无理由退货？
也申请过退款没成功。,商家拒绝退款/退货申请，怎么办？,,3.0,发起售后申请后多久可以退款？,发起售后申请后多久可以退款？,你们平台卖的是正品吗？
况且我巳点进退款，但对方没有回复（反应）/::D/::D,商家拒绝退款/退货申请，怎么办？,,3.0,发起售后申请后多久可以退款？,发起售后申请后多久可以退款？,发起售后申请后多久可以退款？
联系了，那怎么处理，商家不给处理,商家拒绝退款/退货申请，怎么办？,,3.0,后台显示待退货,后台显示待退货,后台显示待退货
商家也不回信,商家拒绝退款/退货申请，怎么办？,,3.0,商家拒绝退款/退货申请，怎么办？,商家延迟发货怎么办？,商家延迟发货怎么办？
货都没发 商家拒绝退款,商家拒绝退款/退货申请，怎么办？,商家拒绝退款/退货申请，怎么办？,2.0,商家拒绝退款/退货申请，怎么办？,商家拒绝退款/退货申请，怎么办？,商家拒绝退款/退货申请，怎么办？
商家拒绝退款什么意思,商家拒绝退款/退货申请，怎么办？,商家拒绝退款/退货申请，怎么办？,2.0,商家拒绝退款/退货申请，怎么办？,商家延迟发货怎么办？,商家拒绝退款/退货申请，怎么办？
为啥拒绝退款,商家拒绝退款/退货申请，怎么办？,商家拒绝退款/退货申请，怎么办？,2.0,商家拒绝退款/退货申请，怎么办？,商家延迟发货怎么办？,商家延迟发货怎么办？
怎么平台又不联系 商家也没联系 直接又驳回了,商家拒绝退款/退货申请，怎么办？,,3.0,商家拒绝退款/退货申请，怎么办？,商家拒绝退款/退货申请，怎么办？,商家延迟发货怎么办？
我联系商家没回复我,,,,商家拒绝退款/退货申请，怎么办？,商家拒绝退款/退货申请，怎么办？,商家拒绝退款/退货申请，怎么办？
联系商家不处理,,,,商家拒绝退款/退货申请，怎么办？,商家拒绝退款/退货申请，怎么办？,商家拒绝退款/退货申请，怎么办？
商家也没有回信了，,,,,商家拒绝退款/退货申请，怎么办？,如何联系人工在线客服？,
都拒绝我了,,,,商家拒绝退款/退货申请，怎么办？,商家拒绝退款/退货申请，怎么办？,商家拒绝退款/退货申请，怎么办？
商家系统拒绝过一次,商家拒绝退款/退货申请，怎么办？,,3.0,商家拒绝退款/退货申请，怎么办？,商家拒绝退款/退货申请，怎么办？,商家拒绝退款/退货申请，怎么办？
商家不同意,商家拒绝退款/退货申请，怎么办？,商家拒绝退款/退货申请，怎么办？,3.0,商家拒绝退款/退货申请，怎么办？,商家拒绝退款/退货申请，怎么办？,商家拒绝退款/退货申请，怎么办？
然后不给我退款,商家拒绝退款/退货申请，怎么办？,商家拒绝退款/退货申请，怎么办？,2.0,商家拒绝退款/退货申请，怎么办？,商家拒绝退款/退货申请，怎么办？,商家拒绝退款/退货申请，怎么办？
商家不回复信息,,,,商家拒绝退款/退货申请，怎么办？,商家拒绝退款/退货申请，怎么办？,商家拒绝退款/退货申请，怎么办？
你好商家不给我退款或者补发,商家拒绝退款/退货申请，怎么办？,,2.0,商家拒绝退款/退货申请，怎么办？,,
黑心商家不让退,商家拒绝退款/退货申请，怎么办？,,3.0,商家拒绝退款/退货申请，怎么办？,,商家拒绝退款/退货申请，怎么办？
申请退款 商家拒绝,商家拒绝退款/退货申请，怎么办？,商家拒绝退款/退货申请，怎么办？,2.0,商家拒绝退款/退货申请，怎么办？,坏果烂果,商家拒绝退款/退货申请，怎么办？
商家拒绝退款再给我发一次？,商家拒绝退款/退货申请，怎么办？,商家拒绝退款/退货申请，怎么办？,2.0,商家拒绝退款/退货申请，怎么办？,质量问题,
卖家拒绝退款,商家拒绝退款/退货申请，怎么办？,商家拒绝退款/退货申请，怎么办？,2.0,商家拒绝退款/退货申请，怎么办？,,坏果烂果
是的，商家不同意,商家拒绝退款/退货申请，怎么办？,商家拒绝退款/退货申请，怎么办？,3.0,如何操作退货？,如何操作退货？,如何操作取消订单？
申请退款被无良商家拒绝,商家拒绝退款/退货申请，怎么办？,商家拒绝退款/退货申请，怎么办？,2.0,如何申请退款/退货？,如何申请退款/退货？,如何联系人工在线客服？
当时拍错了，立马退款，被拒绝，没有收到信息，凭什么拒绝退款,商家拒绝退款/退货申请，怎么办？,,3.0,申请退货/退款后如何操作撤销退货/退款申请？,显示签收但实际未收到,
我找商家投诉商品质量差，商家给的理由前后矛盾,商家拒绝退款/退货申请，怎么办？,质量问题,,质量问题,,购买后多久可以收到产品？
他们家延迟发货,商家延迟发货怎么办？,商家延迟发货怎么办？,2.0,商家延迟发货怎么办？,商家拒绝退款/退货申请，怎么办？,
他们家延迟发货，我要投诉,商家延迟发货怎么办？,商家延迟发货怎么办？,2.0,商家延迟发货怎么办？,商家发货地是哪里？,
我要求对这种严重推迟发货的商家采取措施,商家延迟发货怎么办？,商家延迟发货怎么办？,2.0,商家延迟发货怎么办？,商家拒绝退款/退货申请，怎么办？,商家延迟发货怎么办？
我不得不说，贵平台的商家发货慢，服务态度怠慢,商家延迟发货怎么办？,商家一直不发货,3.0,商家延迟发货怎么办？,商家拒绝退款/退货申请，怎么办？,商家拒绝退款/退货申请，怎么办？
什么态度啊，自己超时了，不发货还叫我退款,商家延迟发货怎么办？,,3.0,商家延迟发货怎么办？,商家发货地是哪里？,商家拒绝退款/退货申请，怎么办？
兑换的东西不给发货，过期了，怎么办,商家延迟发货怎么办？,,3.0,商家延迟发货怎么办？,商家发货地是哪里？,商家延迟发货怎么办？
20号下单的到现在不发货？,商家一直不发货,商家一直不发货,2.0,下单后多久可以发货？,,
已经拍了几天了 都看不到发货的迹象,商家一直不发货,商家一直不发货,3.0,下单后多久可以发货？,,下单后多久可以发货？
商家不打算发货了吗,商家一直不发货,商家一直不发货,2.0,下单后多久可以发货？,下单后多久可以发货？,下单后多久可以发货？
快发货。,商家一直不发货,商家一直不发货,3.0,下单后多久可以发货？,下单后多久可以发货？,下单后多久可以发货？
咋不发货了？显买的少吗？,商家一直不发货,商家一直不发货,3.0,下单后多久可以发货？,下单后多久可以发货？,下单后多久可以发货？
你好我快递好久不发货,商家一直不发货,商家一直不发货,2.0,什么快递发货？,什么快递发货？,什么快递发货？
商家还不发货,商家一直不发货,商家一直不发货,2.0,商家一直不发货,,后台显示待退货
因生鲜水果，怎么迟迟不发货？,商家一直不发货,商家一直不发货,2.0,商家一直不发货,,商家一直不发货
好久了一直未发货,商家一直不发货,商家一直不发货,2.0,商家一直不发货,,商家一直不发货
咋还没发货呢,商家一直不发货,下单后多久可以发货？,2.0,商家一直不发货,商家一直不发货,商家一直不发货
购买10天了还没发货,商家一直不发货,,2.0,商家一直不发货,商家一直不发货,
没有发货啊,商家一直不发货,商家一直不发货,2.0,商家一直不发货,商家一直不发货,
买的拖鞋怎么不发货,商家一直不发货,商家一直不发货,2.0,商家一直不发货,商家一直不发货,
发货太慢不要了,商家一直不发货,商家一直不发货,2.0,商家一直不发货,商家一直不发货,商家一直不发货
都五天了还没发货,商家一直不发货,,2.0,商家一直不发货,商家一直不发货,商家一直不发货
48小时过了还没发货,商家一直不发货,,2.0,商家一直不发货,商家一直不发货,商家一直不发货
问一下，商家迟迟不发货怎么办？,商家一直不发货,商家一直不发货,2.0,商家一直不发货,商家一直不发货,商家一直不发货
我买的东西一个月了，卖家不发货,商家一直不发货,商家延迟发货怎么办？,2.0,商家一直不发货,商家一直不发货,商家一直不发货
因迟迟不发货，明天收不到货，就无人收货！,商家一直不发货,商家延迟发货怎么办？,2.0,商家一直不发货,,
我的孩没发货,商家一直不发货,商家一直不发货,2.0,商家一直不发货,,商家一直不发货
我买的东西没发货,商家一直不发货,商家一直不发货,2.0,商家一直不发货,商家一直不发货,商家一直不发货
16号的时候向你们反应了，到现在也还是没有发货,商家一直不发货,商家一直不发货,2.0,商家一直不发货,商家一直不发货,商家一直不发货
快递一直滞留 打电话问说根本没发货 只有个揽收消息,快递无走件信息,快递无走件信息,3,商家一直不发货,,商家一直不发货
买个东西怎么迟迟不发货,商家一直不发货,商家一直不发货,2.0,商家一直不发货,,商家一直不发货
怎么还没发货呢,商家一直不发货,下单后多久可以发货？,2.0,商家一直不发货,,商家一直不发货
还没有发货呢,商家一直不发货,商家一直不发货,2.0,商家一直不发货,商家一直不发货,商家一直不发货
一直都没发货,商家一直不发货,商家一直不发货,2.0,商家一直不发货,商家一直不发货,商家一直不发货
你好，我下单的商家一直不发货,商家一直不发货,商家一直不发货,2.0,商家一直不发货,商家一直不发货,商家一直不发货
我的还没发货,商家一直不发货,商家一直不发货,2.0,商家一直不发货,商家一直不发货,商家一直不发货
我买的货还没有发,商家一直不发货,商家一直不发货,2.0,商家发货地是哪里？,商家发货地是哪里？,商家发货地是哪里？
5月20下的单到现在还没发出呢？！,商家一直不发货,,2.0,商家发货地是哪里？,商家发货地是哪里？,商家发货地是哪里？
卖家承诺是48小时内发,商家一直不发货,,3.0,商家发货地是哪里？,商家发货地是哪里？,商家发货地是哪里？
怎么还没发,商家一直不发货,商家一直不发货,2,,商家延迟发货怎么办？,
能撤销退款吗,申请退货/退款后如何操作撤销退货/退款申请？,申请退货/退款后如何操作撤销退货/退款申请？,2.0,申请退货/退款后如何操作撤销退货/退款申请？,如何申请退款/退货？,申请退货/退款后如何操作撤销退货/退款申请？
我就是问什么时候发货？发什么快递？哪里发货,什么快递发货？,什么快递发货？,1.0,什么快递发货？,买错了，需要修改订单内容,
快递发货,什么快递发货？,什么快递发货？,2.0,什么快递发货？,买错了，需要修改订单内容,什么快递发货？
啥快递,什么快递发货？,什么快递发货？,2.0,什么快递发货？,什么快递发货？,什么快递发货？
请问你们发什么快递,什么快递发货？,什么快递发货？,2.0,什么快递发货？,什么快递发货？,什么快递发货？
哪个物流,什么快递发货？,什么快递发货？,2.0,什么快递发货？,什么快递发货？,什么快递发货？
客服 你们到底可以发到哪个快递公司呀,什么快递发货？,可以指定快递发货吗？,2.0,什么快递发货？,什么快递发货？,什么快递发货？
你们发什么快递,什么快递发货？,什么快递发货？,2.0,什么快递发货？,什么快递发货？,什么快递发货？
一般发什么快递,什么快递发货？,什么快递发货？,2.0,什么快递发货？,什么快递发货？,什么快递发货？
请问小鹅拼拼发什么快递？,什么快递发货？,什么快递发货？,2.0,什么快递发货？,什么快递发货？,什么快递发货？
什么快递的？,什么快递发货？,什么快递发货？,2.0,什么快递发货？,什么快递发货？,什么快递发货？
发哪个快递,什么快递发货？,什么快递发货？,2.0,什么快递发货？,什么快递发货？,什么快递发货？
那怎么发货？,什么快递发货？,下单后多久可以发货？,2.0,什么快递发货？,什么快递发货？,什么快递发货？
发什么快递？,什么快递发货？,什么快递发货？,2.0,什么快递发货？,什么快递发货？,什么快递发货？
可以查好发什么快递吗,什么快递发货？,什么快递发货？,2.0,什么快递发货？,什么快递发货？,什么快递发货？
这个发啥快递,什么快递发货？,什么快递发货？,2.0,什么快递发货？,什么快递发货？,什么快递发货？
那发什么快递？多久到？,什么快递发货？,什么快递发货？,2.0,什么快递发货？,什么快递发货？,什么快递发货？
发什么快递,什么快递发货？,什么快递发货？,2.0,什么快递发货？,什么快递发货？,什么快递发货？
没啥事，想问发啥快递,什么快递发货？,什么快递发货？,2.0,什么快递发货？,后台显示待退货,什么快递发货？
七天无理由退货,什么是7天无理由退货？,什么是7天无理由退货？,1.0,什么是7天无理由退货？,,
优惠券买的东西快递破损怎么办,收到商品破损/少件/错发,收到商品破损/少件/错发,2.0,收到商品破损/少件/错发,收到商品破损/少件/错发,描述不符
发错了，是这个,收到商品破损/少件/错发,收到商品破损/少件/错发,2.0,收到商品破损/少件/错发,,收到商品破损/少件/错发
我有备注的，都发错了,收到商品破损/少件/错发,收到商品破损/少件/错发,2.0,收到商品破损/少件/错发,收到商品破损/少件/错发,收到商品破损/少件/错发
坏了,收到商品破损/少件/错发,收到商品破损/少件/错发,3.0,收到商品破损/少件/错发,收到商品破损/少件/错发,
你们说发错了,收到商品破损/少件/错发,收到商品破损/少件/错发,2.0,收到商品破损/少件/错发,,收到商品破损/少件/错发
我有备注，发错了，还联系不见客服，发不出字,收到商品破损/少件/错发,,2.0,收到商品破损/少件/错发,收到商品破损/少件/错发,收到商品破损/少件/错发
好的，因为之前买的都特别好，最近拆的这两回都是破损/::~/::~/::~,收到商品破损/少件/错发,收到商品破损/少件/错发,2.0,收到商品破损/少件/错发,收到商品破损/少件/错发,收到商品破损/少件/错发
发错货了奶茶,收到商品破损/少件/错发,收到商品破损/少件/错发,2.0,收到商品破损/少件/错发,收到商品破损/少件/错发,收到商品破损/少件/错发
商品有破损,收到商品破损/少件/错发,收到商品破损/少件/错发,2.0,收到商品破损/少件/错发,,收到商品破损/少件/错发
发错颜色了吗？？,收到商品破损/少件/错发,,2.0,收到商品破损/少件/错发,收到商品破损/少件/错发,收到商品破损/少件/错发
发错款式了,收到商品破损/少件/错发,收到商品破损/少件/错发,2.0,收到商品破损/少件/错发,收到商品破损/少件/错发,收到商品破损/少件/错发
发错款式了，怎么搞,收到商品破损/少件/错发,收到商品破损/少件/错发,2.0,收到商品破损/少件/错发,收到商品破损/少件/错发,收到商品破损/少件/错发
这个货发错了,收到商品破损/少件/错发,收到商品破损/少件/错发,2.0,收到商品破损/少件/错发,收到商品破损/少件/错发,收到商品破损/少件/错发
已收到货，商家把物流单号发错了，还好货到了，就不计较了。头一次在小鹅下单，体验不好,收到商品破损/少件/错发,快递无走件信息,3.0,收到商品破损/少件/错发,收到商品破损/少件/错发,收到商品破损/少件/错发
这是擦桌子用的都破损了，我能用吗？,收到商品破损/少件/错发,收到商品破损/少件/错发,2.0,收到商品破损/少件/错发,收到商品破损/少件/错发,收到商品破损/少件/错发
收到的东西是坏的,收到商品破损/少件/错发,收到商品破损/少件/错发,2.0,收到商品破损/少件/错发,收到商品破损/少件/错发,收到商品破损/少件/错发
东西太少了,收到商品破损/少件/错发,,3.0,收到商品破损/少件/错发,收到商品破损/少件/错发,收到商品破损/少件/错发
你好发错颜色了,收到商品破损/少件/错发,,2.0,收到商品破损/少件/错发,收到商品破损/少件/错发,收到商品破损/少件/错发
商家发错东西了,收到商品破损/少件/错发,收到商品破损/少件/错发,2.0,收到商品破损/少件/错发,收到商品破损/少件/错发,收到商品破损/少件/错发
有破损,收到商品破损/少件/错发,收到商品破损/少件/错发,2.0,收到商品破损/少件/错发,收到商品破损/少件/错发,收到商品破损/少件/错发
又收到坏的,收到商品破损/少件/错发,收到商品破损/少件/错发,2.0,收到商品破损/少件/错发,收到商品破损/少件/错发,收到商品破损/少件/错发
好久才到，收到破了,收到商品破损/少件/错发,收到商品破损/少件/错发,2.0,收到商品破损/少件/错发,收到商品破损/少件/错发,收到商品破损/少件/错发
商家发错货的,收到商品破损/少件/错发,收到商品破损/少件/错发,2.0,收到商品破损/少件/错发,收到商品破损/少件/错发,收到商品破损/少件/错发
我的鞋子发错货了,收到商品破损/少件/错发,收到商品破损/少件/错发,2.0,收到商品破损/少件/错发,收到商品破损/少件/错发,收到商品破损/少件/错发
我收到这个都坏了,收到商品破损/少件/错发,收到商品破损/少件/错发,2.0,收到商品破损/少件/错发,收到商品破损/少件/错发,收到商品破损/少件/错发
店家发错货却一直找理由推脱责任,收到商品破损/少件/错发,收到商品破损/少件/错发,2.0,收到商品破损/少件/错发,收到商品破损/少件/错发,收到商品破损/少件/错发
刚刚签收拿回商品，有一瓶破损,收到商品破损/少件/错发,收到商品破损/少件/错发,2.0,收到商品破损/少件/错发,收到商品破损/少件/错发,收到商品破损/少件/错发
手机发错颜色了呗,收到商品破损/少件/错发,如何修改收货地址或订单信息？,2.0,收到商品破损/少件/错发,收到商品破损/少件/错发,收到商品破损/少件/错发
他发错了，还不给我退款,收到商品破损/少件/错发,收到商品破损/少件/错发,2.0,收到商品破损/少件/错发,收到商品破损/少件/错发,收到商品破损/少件/错发
发错,收到商品破损/少件/错发,收到商品破损/少件/错发,2.0,收到商品破损/少件/错发,收到商品破损/少件/错发,收到商品破损/少件/错发
商品破损,收到商品破损/少件/错发,收到商品破损/少件/错发,2.0,收到商品破损/少件/错发,收到商品破损/少件/错发,收到商品破损/少件/错发
收到风扇是，坏的。,收到商品破损/少件/错发,收到商品破损/少件/错发,2.0,收到商品破损/少件/错发,收到商品破损/少件/错发,显示签收但实际未收到
不是这里坏了，就是那里坏了,收到商品破损/少件/错发,收到商品破损/少件/错发,2.0,收到商品破损/少件/错发,,
发错货了,收到商品破损/少件/错发,收到商品破损/少件/错发,2.0,收到商品破损/少件/错发,收到商品破损/少件/错发,收到商品破损/少件/错发
亲 店铺发错货怎么办？,收到商品破损/少件/错发,收到商品破损/少件/错发,2.0,收到商品破损/少件/错发,收到商品破损/少件/错发,
我才发现，不止款式发错了，还是个坏的,收到商品破损/少件/错发,收到商品破损/少件/错发,2.0,收到商品破损/少件/错发,收到商品破损/少件/错发,收到商品破损/少件/错发
我收到的风扇是坏的,收到商品破损/少件/错发,收到商品破损/少件/错发,2.0,收到商品破损/少件/错发,收到商品破损/少件/错发,收到商品破损/少件/错发
发错口味,收到商品破损/少件/错发,,2.0,收到商品破损/少件/错发,收到商品破损/少件/错发,收到商品破损/少件/错发
我买的酱发错货了,收到商品破损/少件/错发,收到商品破损/少件/错发,2.0,收到商品破损/少件/错发,收到商品破损/少件/错发,显示签收但实际未收到
没买之前写的12罐买回来怎么才6罐呢,收到商品破损/少件/错发,,3.0,,,
我在一家店里，买了20支的黑色玻璃胶，但快递发来只有15支的黑色玻璃胶。总共三个包裹，每个包裹里装了5支,收到商品破损/少件/错发,,3.0,,,
请看颜色，风马牛不相及啊！,收到商品破损/少件/错发,,3.0,,,
我爱的我的洗衣液还没发货呢,下单后多久可以发货？,,3.0,下单后多久可以发货？,,下单后多久可以发货？
发货怎么这么慢？,下单后多久可以发货？,商家一直不发货,3.0,下单后多久可以发货？,下单后多久可以发货？,下单后多久可以发货？
我买的纯奶都好几天了，怎么不发货,商家一直不发货,商家一直不发货,3.0,下单后多久可以发货？,,
什时候发货,下单后多久可以发货？,下单后多久可以发货？,3.0,下单后多久可以发货？,下单后多久可以发货？,
买了东西怎么发货呢,下单后多久可以发货？,下单后多久可以发货？,3.0,下单后多久可以发货？,下单后多久可以发货？,下单后多久可以发货？
啥时候能发货？,下单后多久可以发货？,下单后多久可以发货？,2.0,下单后多久可以发货？,下单后多久可以发货？,下单后多久可以发货？
尽快发货吧！,下单后多久可以发货？,下单后多久可以发货？,3.0,下单后多久可以发货？,下单后多久可以发货？,下单后多久可以发货？
多久会发货,下单后多久可以发货？,下单后多久可以发货？,2.0,下单后多久可以发货？,下单后多久可以发货？,下单后多久可以发货？
你好！我5月20下的单到目前还没发货，也催过两次，就是想知道什么时候能发货？,下单后多久可以发货？,商家一直不发货,3,下单后多久可以发货？,下单后多久可以发货？,下单后多久可以发货？
快点给我发货,下单后多久可以发货？,商家一直不发货,3.0,下单后多久可以发货？,下单后多久可以发货？,下单后多久可以收到？
几天可以到,下单后多久可以收到？,下单后多久可以收到？,3,下单后多久可以收到？,下单后多久可以收到？,下单后多久可以收到？
在贵平台购买的物品什么时候能收到？,下单后多久可以收到？,下单后多久可以收到？,2,下单后多久可以收到？,下单后多久可以收到？,下单后多久可以收到？
昨天下单一般多久可以到,下单后多久可以收到？,下单后多久可以收到？,2.0,下单后多久可以收到？,下单后多久可以收到？,下单后多久可以收到？
我请问一下我的快递什么时候到,下单后多久可以收到？,快递不派送,2.0,什么快递发货？,什么快递发货？,买错了，需要修改订单内容
今天能到吗？,下单后多久可以收到？,,3.0,什么快递发货？,什么快递发货？,什么快递发货？
你好我想问一下我的这个快递今天能到吗？,下单后多久可以收到？,快递不派送,3.0,什么快递发货？,什么快递发货？,什么快递发货？
他这个东西打算多会送到,下单后多久可以收到？,,2.0,什么快递发货？,什么快递发货？,
我的洗脸巾，怎么现在还没寄到呢？,下单后多久可以收到？,,3.0,商家发货地是哪里？,商家发货地是哪里？,商家发货地是哪里？
上面是我買的口罩，之今還沒來,下单后多久可以收到？,,3.0,商家发货地是哪里？,商家发货地是哪里？,商家发货地是哪里？
我18号买的货到今天都没有收到。,下单后多久可以收到？,,3.0,,,
啥时候能收到货,下单后多久可以收到？,下单后多久可以收到？,2.0,,,
几天到货？,下单后多久可以收到？,下单后多久可以收到？,3.0,,,
我本人没收到啊，订单显示已签收了,显示签收但实际未收到,显示签收但实际未收到,2.0,显示签收但实际未收到,显示签收但实际未收到,收到商品破损/少件/错发
你好，在你们这买的吹风机还没收到货。怎么显示已签收,显示签收但实际未收到,显示签收但实际未收到,2.0,显示签收但实际未收到,显示签收但实际未收到,收到商品破损/少件/错发
这边还显示已签收了,显示签收但实际未收到,显示签收但实际未收到,3.0,显示签收但实际未收到,收到商品破损/少件/错发,显示签收但实际未收到
显示我已经签收，可我没有收到。,显示签收但实际未收到,显示签收但实际未收到,2.0,显示签收但实际未收到,显示签收但实际未收到,显示签收但实际未收到
我就没有签收,显示签收但实际未收到,显示签收但实际未收到,3.0,显示签收但实际未收到,显示签收但实际未收到,显示签收但实际未收到
快递显示签收、但我根本没有收到货，也跟卖家联系过了,显示签收但实际未收到,快递中途显示返回了,2.0,显示签收但实际未收到,显示签收但实际未收到,收到商品破损/少件/错发
我地址填的是东安花园，它显示在什么金泰签收了,显示签收但实际未收到,快递放驿站/快递柜，我没有收到取件码,2.0,显示签收但实际未收到,显示签收但实际未收到,显示签收但实际未收到
现在我来追件，显示已签收了,显示签收但实际未收到,快递放驿站/快递柜，我没有收到取件码,2.0,显示签收但实际未收到,,显示签收但实际未收到
商品显示签收但未收到,显示签收但实际未收到,显示签收但实际未收到,2.0,显示签收但实际未收到,,显示签收但实际未收到
我买的东西没有收到已经签收了,显示签收但实际未收到,显示签收但实际未收到,2.0,显示签收但实际未收到,显示签收但实际未收到,显示签收但实际未收到
物品未收到,显示签收但实际未收到,快递无走件信息,2.0,显示签收但实际未收到,显示签收但实际未收到,
商家没发货为什么说是已签收,显示签收但实际未收到,显示签收但实际未收到,2.0,显示签收但实际未收到,显示签收但实际未收到,
我买的东西没收到 上面显示已签收,显示签收但实际未收到,显示签收但实际未收到,2.0,显示签收但实际未收到,,显示签收但实际未收到
到时候都要显示收货了,,,,显示签收但实际未收到,显示签收但实际未收到,显示签收但实际未收到
这个单还没给我处理呀，没人联系我呀，显示签收，我一直没收到货,显示签收但实际未收到,快递无走件信息,2.0,显示签收但实际未收到,显示签收但实际未收到,显示签收但实际未收到
签收又不是我本人签收的,显示签收但实际未收到,显示签收但实际未收到,2.0,显示签收但实际未收到,显示签收但实际未收到,显示签收但实际未收到
显示签收,显示签收但实际未收到,显示签收但实际未收到,2.0,显示签收但实际未收到,显示签收但实际未收到,显示签收但实际未收到
没有收到货，但是快递显示签收,显示签收但实际未收到,快递放驿站/快递柜，我没有收到取件码,2.0,显示签收但实际未收到,显示签收但实际未收到,显示签收但实际未收到
开始是物流一直显示已签收饭没收到货，那时我就已申请退款,显示签收但实际未收到,快递中途显示返回了,2.0,显示签收但实际未收到,显示签收但实际未收到,显示签收但实际未收到
你们平台都显示22号上午签收了，我没收到信息来，我一看22号下午发货，上午签收,显示签收但实际未收到,,3.0,显示签收但实际未收到,显示签收但实际未收到,
但是这边平台显示签收了啊,显示签收但实际未收到,显示签收但实际未收到,2.0,显示签收但实际未收到,显示签收但实际未收到,显示签收但实际未收到
你假如买个东西，没有收到，还说你已鉴收了，你是什么心态,显示签收但实际未收到,,2.0,显示签收但实际未收到,显示签收但实际未收到,显示签收但实际未收到
快递显示签收,显示签收但实际未收到,快递放驿站/快递柜，我没有收到取件码,2.0,显示签收但实际未收到,显示签收但实际未收到,显示签收但实际未收到
你好我的商品显示收货了，可我一直没收到货,显示签收但实际未收到,快递无走件信息,2.0,显示签收但实际未收到,显示签收但实际未收到,显示签收但实际未收到
我本人是没签收，东西都没看到,显示签收但实际未收到,显示签收但实际未收到,2.0,显示签收但实际未收到,申请退货/退款后如何操作撤销退货/退款申请？,申请退货/退款后如何操作撤销退货/退款申请？
签收了5天才发现,显示签收但实际未收到,显示签收但实际未收到,3.0,,,
货没收到，服务态度差,显示签收但实际未收到,质量问题,3.0,,,
亲我已退货啥时候退钱,已经退货了，多久可以退款？,已经退货了，多久可以退款？,2.0,已经退货了，多久可以退款？,已经退货了，多久可以退款？,平台官方热线电话是多少？
退货商家已经收到。但货款及运费没有退回。,已经退货了，多久可以退款？,已经退货了，多久可以退款？,3.0,已经退货了，多久可以退款？,已经退货了，多久可以退款？,平台官方热线电话是多少？
商家同意了，怎么还没退回来呢,已经退货了，多久可以退款？,,3.0,已经退货了，多久可以退款？,已经退货了，多久可以退款？,已经退货了，多久可以退款？
5月10寄出退货商品到现在没收到退款,已经退货了，多久可以退款？,,3.0,已经退货了，多久可以退款？,已经退货了，多久可以退款？,平台官方热线电话是多少？
5月‘10日寄出退货商品到现在没有退款！,已经退货了，多久可以退款？,,3.0,已经退货了，多久可以退款？,已经退货了，多久可以退款？,已经退货了，多久可以退款？
退货了怎么还没给我退款,已经退货了，多久可以退款？,已经退货了，多久可以退款？,3.0,已经退货了，多久可以退款？,已经退货了，多久可以退款？,平台官方热线电话是多少？
你们平台自己看看质量问题再发货。这是谁家的商品骗人吗。,质量问题,,3.0,下单后多久可以发货？,,下单后多久可以发货？
商品质量差，商家各种理由推诿搪塞，要求退款,质量问题,收到商品破损/少件/错发,3.0,什么是7天无理由退货？,,什么是7天无理由退货？
才两天就坏了,质量问题,收到商品破损/少件/错发,3.0,商家一直不发货,商家一直不发货,商家一直不发货
钱花了，东西质量也不好，,质量问题,质量问题,2.0,质量问题,,申请退货/退款后如何操作撤销退货/退款申请？
我在你们这上面买的鸡蛋，不好,质量问题,,2.0,质量问题,质量问题,
反正你家东西不好,质量问题,质量问题,2.0,质量问题,发起售后申请后多久可以退款？,质量问题
十盒有六盒坏了/::<,质量问题,质量问题,3.0,质量问题,质量问题,质量问题
以后可不在这个平台买东西了，质量太差，店家也太差,质量问题,,2.0,质量问题,买错了，需要修改订单内容,质量问题
你们家平台的东西太烂了啊,质量问题,,2.0,质量问题,质量问题,质量问题
小的都没坏，坏的都是大个的,质量问题,收到商品破损/少件/错发,3.0,质量问题,质量问题,质量问题
你这是有严重的质量问题,质量问题,质量问题,2.0,质量问题,质量问题,
质量太差，服务也一般般的很，等下差评卸载,质量问题,,2.0,质量问题,质量问题,后台显示待退货
7个就有3坏的,质量问题,质量问题,3.0,质量问题,质量问题,质量问题
质量还不行,质量问题,质量问题,2.0,质量问题,质量问题,质量问题
不到5斤、还那么多坏的,质量问题,收到商品破损/少件/错发,3.0,质量问题,质量问题,
发的都是烂货,质量问题,质量问题,2.0,质量问题,,质量问题
拆开是坏的,质量问题,质量问题,3.0,质量问题,质量问题,质量问题
我买的拖鞋质量太次了,质量问题,质量问题,2.0,质量问题,质量问题,质量问题
买的东西坏的,质量问题,收到商品破损/少件/错发,2.0,质量问题,质量问题,质量问题
俩个订单十二小包，小包装得松松，质量太差，纸张太多了，十二包一巴掌都拿得下,质量问题,,2.0,质量问题,质量问题,质量问题
第一次在这里买东西没想到两单都如此的劣质,质量问题,质量问题,3.0,质量问题,质量问题,购买后多久可以收到产品？
我是新用户在你们这参加新用户活动买的鸡蛋质量很差,质量问题,,2.0,质量问题,,质量问题
都是虫眼,质量问题,,3.0,质量问题,质量问题,质量问题
给人家买点东西还都坏的,质量问题,收到商品破损/少件/错发,2.0,质量问题,购买后多久可以收到产品？,质量问题
还有6个质量也不好,质量问题,质量问题,2.0,质量问题,质量问题,质量问题
我买的锅有个坑,质量问题,,3.0,质量问题,下单后多久可以发货？,质量问题
质量太差,质量问题,质量问题,2.0,质量问题,购买后多久可以收到产品？,
不是吉利，多个科吉利，质量差很多,质量问题,质量问题,3.0,,,
我买的雨鞋右脚漏水,质量问题,,3.0,,,
这质量也太差了吧,质量问题,质量问题,2.0,,,
我收到的风扇有问题,质量问题,,2.0,,,
谁知道外面整个好好的，里面会坏了呢？,质量问题,质量问题,3,质量问题,质量问题,质量问题
都烂成那样都不退款,质量问题,收到商品破损/少件/错发,,发起售后申请后多久可以退款？,,可以拒签商品吗
亲，就是上次跟你说的那个 帮我重新发货了没有,,,,下单后多久可以发货？,,
真实发货吗,,,,下单后多久可以发货？,下单后多久可以发货？,
我问是不是真的发货,,商家一直不发货,,下单后多久可以发货？,,下单后多久可以发货？
大哥 一个周了,,,,下单后多久可以发货？,下单后多久可以发货？,下单后多久可以发货？
会真的发货吗,,商家一直不发货,,下单后多久可以发货？,下单后多久可以发货？,下单后多久可以发货？
催一下发货啊,,,,下单后多久可以发货？,购买后多久可以收到产品？,购买后多久可以收到产品？
没有了，记得让商家快发货，感谢,,商家一直不发货,,下单后多久可以发货？,下单后多久可以发货？,下单后多久可以发货？
请尽快发货就好,,商家一直不发货,,下单后多久可以发货？,下单后多久可以发货？,下单后多久可以收到？
还要多久到梅州亲,,,,下单后多久可以收到？,下单后多久可以发货？,
需要多久呀,,,,下单后多久可以收到？,下单后多久可以发货？,下单后多久可以发货？
到深圳还有多久,,,,下单后多久可以收到？,下单后多久可以收到？,下单后多久可以收到？
是虚假发货吗,,,,什么快递发货？,什么快递发货？,什么快递发货？
我的快递平常三天到达现在都四天了,,快递中途显示返回了,,什么快递发货？,什么快递发货？,什么快递发货？
我要售后,,,,什么是7天无理由退货？,什么是7天无理由退货？,什么是7天无理由退货？
面包13天未到,,,,发起售后申请后多久可以退款？,发起售后申请后多久可以退款？,发起售后申请后多久可以退款？
商家也不会消息,,,,商家拒绝退款/退货申请，怎么办？,商家拒绝退款/退货申请，怎么办？,
不好意思，电话2641写成2141,,,,如何修改收货地址或订单信息？,如何修改收货地址或订单信息？,如何修改收货地址或订单信息？
我打开设置，又点开收货地址，就出了这个图片，没有修改地址的方式,,,,如何修改收货地址或订单信息？,如何修改收货地址或订单信息？,如何修改收货地址或订单信息？
怎么搞的买东西发的另一个地址去了,,,,如何修改收货地址或订单信息？,,如何修改收货地址或订单信息？
我就是那天下错价格了取消订单的,,,,如何操作取消订单？,如何操作取消订单？,
我买了一双拖鞋，他发百世快递，因为我取快递的时候要另外加费用，所以想退货，但是商家不给退，如果商家给出取件费，也可以的,,,,如何操作退货？,如何操作退货？,如何操作退货？
我都还没寄出，地址都没有,,快递无走件信息,,如何查看商家退货地址？,如何查看商家退货地址？,如何查看商家退货地址？
打快递客服也没人接,,如何投诉快递,,如何联系人工在线客服？,如何联系人工在线客服？,如何联系人工在线客服？
我收到货了，现在发起退款不行吗？,,已经退货了，多久可以退款？,,已经退货了，多久可以退款？,已经退货了，多久可以退款？,如何联系人工在线客服？
怎么时候处理好呀,,,,平台客服介入处理需要多久？,,
什么时候处理好啊,,,,平台客服介入处理需要多久？,平台客服介入处理需要多久？,平台客服介入处理需要多久？
非要等到48小时吗，就不能快点嘛,,,,平台客服介入处理需要多久？,平台客服介入处理需要多久？,平台客服介入处理需要多久？
嗯麻烦尽快处理,,,,平台客服介入处理需要多久？,购买后多久可以收到产品？,平台客服介入处理需要多久？
希望尽快处理,,,,平台客服介入处理需要多久？,平台客服介入处理需要多久？,平台官方热线电话是多少？
入驻客服怎么还没回复我,,,,平台客服介入处理需要多久？,平台官方热线电话是多少？,平台客服介入处理需要多久？
我之前反应的事情怎么没处理结果了,,,,平台客服介入处理需要多久？,平台客服介入处理需要多久？,平台客服介入处理需要多久？
提交了申请，多久会有通知,,,,平台客服介入处理需要多久？,平台客服介入处理需要多久？,平台客服介入处理需要多久？
等多久啊,,,,平台客服介入处理需要多久？,,平台客服介入处理需要多久？
什么时候能处理？,,,,平台客服介入处理需要多久？,平台客服介入处理需要多久？,
今天我需要得到解决,,,,平台客服介入处理需要多久？,平台客服介入处理需要多久？,平台客服介入处理需要多久？
是不是需要几天？,,,,平台客服介入处理需要多久？,平台客服介入处理需要多久？,
能不能快点处理,,,,平台客服介入处理需要多久？,平台客服介入处理需要多久？,
尽快处理吧,,,,平台客服介入处理需要多久？,,下单后多久可以发货？
为什么你们平台没处理呢？,,,,平台客服介入处理需要多久？,平台客服介入处理需要多久？,平台客服介入处理需要多久？
没有所以我才找你们平台的,,,,平台客服介入处理需要多久？,,
等多久？,,,,平台客服介入处理需要多久？,平台客服介入处理需要多久？,平台客服介入处理需要多久？
快快处理,,,,平台客服介入处理需要多久？,平台客服介入处理需要多久？,平台客服介入处理需要多久？
我在别的平台都是一个小时内就给打电话,,,,平台客服介入处理需要多久？,平台客服介入处理需要多久？,平台客服介入处理需要多久？
好，大概多久呢,,,,平台客服介入处理需要多久？,平台客服介入处理需要多久？,下单后多久可以收到？
我申请了，请帮忙尽快处理哦，亲亲。,,,,平台客服介入处理需要多久？,平台客服介入处理需要多久？,快递不派送
怎么还没有处理？,,,,平台客服介入处理需要多久？,平台客服介入处理需要多久？,快递不派送
我希望平台给我满意的处理结果,,,,平台客服介入处理需要多久？,,平台客服介入处理需要多久？
你们这样 是拖谁时间吗,,,,平台客服介入处理需要多久？,购买后多久可以收到产品？,平台客服介入处理需要多久？
好 我看你协商多久,,,,平台客服介入处理需要多久？,快递不派送,平台客服介入处理需要多久？
都不是四斤,,,,快递停滞不更新,快递停滞不更新,快递停滞不更新
大概多久呢,,,,购买后多久可以收到产品？,,
还没打开 就是一个空盒,,,,,,
怎么不动了,,,,,快递停滞不更新,质量问题
你们解决个问题就那么慢吗,,,,,,
问下订单多久会自动收货，今天都第三天了,,,,下单后多久可以收到？,下单后多久可以收到？,
哦了,,,,申请退货/退款后如何操作撤销退货/退款申请？,申请退货/退款后如何操作撤销退货/退款申请？,申请退货/退款后如何操作撤销退货/退款申请？
还不退,,,,快递停滞不更新,快递停滞不更新,快递在其他地址被签收
昨天已经反馈过了,,,,商家拒绝退款/退货申请，怎么办？,商家拒绝退款/退货申请，怎么办？,
没有，谢啦,,,,如何申请退款/退货？,如何申请退款/退货？,如何申请退款/退货？
行吧行吧,,,,如何申请退款/退货？,如何申请退款/退货？,如何申请退款/退货？
好吧，谢谢了,,,,,,
19号,,,,options@,,
你回答我就行,,,,平台官方热线电话是多少？,平台官方热线电话是多少？,平台官方热线电话是多少？
我申请了退款,,发起售后申请后多久可以退款？,,如何申请退款/退货？,如何申请退款/退货？,如何申请退款/退货？
都是邮箱是么,,,,,,
拖了半个月最后来一个退款？,,,,发起售后申请后多久可以退款？,发起售后申请后多久可以退款？,发起售后申请后多久可以退款？
客服是没有货了吧,,,,商家发货地是哪里？,商家拒绝退款/退货申请，怎么办？,商家发货地是哪里？
是不是你们平台说的24小时内退回,,,,后台显示待退货,,后台显示待退货
我没收到东西,,快递无走件信息,,,,
要不然给我退货包,,,,如何申请退款/退货？,如何申请退款/退货？,
找商家没有回复,,,,商家拒绝退款/退货申请，怎么办？,,商家拒绝退款/退货申请，怎么办？
网络没问题，因为确认收货这些都可以操作，删除之后也不行,,,,,,
我的订单还没收到,,快递无走件信息,,,,
好的，麻烦了,,,,,,
8,,,,options@,,下单后多久可以发货？
为什么不前期就给我加几分？,,,,,,
我的货发别处了。没按地址发给我.好几个都发没有了,,快递无走件信息,,如何查看商家退货地址？,如何查看商家退货地址？,如何查看商家退货地址？
就这吧,,,,如何操作退货？,,如何操作退货？
包装太简单了！,,,,,,
注册时间有规定吗。。新注册的可以通过吗,,,,,,
我已经反应过了呀,,,,什么是7天无理由退货？,,什么是7天无理由退货？
叫他们吧钱钱退我,,,,后台显示待退货,后台显示待退货,后台显示待退货
发货不快,,商家一直不发货,,商家一直不发货,商家一直不发货,商家一直不发货
我没有收到呀,,快递放驿站/快递柜，我没有收到取件码,,,,
我的退款怎么解决啊,,发起售后申请后多久可以退款？,,发起售后申请后多久可以退款？,发起售后申请后多久可以退款？,发起售后申请后多久可以退款？
直接投诉,,,,什么是7天无理由退货？,什么是7天无理由退货？,
我现在也没办法申请退款了限次数了。赶紧处理，平台退给我,,,,申请退货/退款后如何操作撤销退货/退款申请？,质量问题,申请退货/退款后如何操作撤销退货/退款申请？
3斤,,,,快递放驿站/快递柜，我没有收到取件码,快递放驿站/快递柜，我没有收到取件码,快递无走件信息
多久有结果啊,,,,下单后多久可以收到？,下单后多久可以收到？,下单后多久可以收到？
要不全退了吧,,,,如何操作退货？,如何操作退货？,如何操作取消订单？
晕死,,,,,,
地址发我,,,,如何查看商家退货地址？,如何查看商家退货地址？,如何查看商家退货地址？
我的快递我想改地址 商家让我派送的时候跟她说他给我改 现在找不到人了,,如何修改收货地址或订单信息？,,如何修改收货地址或订单信息？,如何修改收货地址或订单信息？,如何修改收货地址或订单信息？
后来给我打电话要求撤回，对不起，晚了，我不是差你那3快钱，我差的是你的态度,,,,什么是7天无理由退货？,,什么是7天无理由退货？
还没解决，我也不好评价,,,,后台显示待退货,什么是7天无理由退货？,
好的，期待你们处理的结果,,,,质量问题,,
我看一下,,,,,,
昨天反馈的,,,,发起售后申请后多久可以退款？,发起售后申请后多久可以退款？,什么是7天无理由退货？
什么属于特殊商品,,,,,,
鬼知道,,,,商家一直不发货,商家一直不发货,商家一直不发货
点进入链接后就到了个人页面了,,,,,,
问题人家不理我了,,,,后台显示待退货,商家拒绝退款/退货申请，怎么办？,后台显示待退货
各种方法都试过了,,,,,,购买后多久可以收到产品？
恩，是的,,,,,,
这个应该是购买Q币了,,,,,,
怎么给买家退款,,发起售后申请后多久可以退款？,,如何申请退款/退货？,如何申请退款/退货？,如何查看物流信息？
你们有本事搞秒杀，然后强买强卖？,,,,,,
我撤消了，催发货,,商家延迟发货怎么办？,,什么是7天无理由退货？,什么是7天无理由退货？,
这个能吃吗,,,,如何修改收货地址或订单信息？,如何修改收货地址或订单信息？,如何修改收货地址或订单信息？
时间马上到了,,,,,,
不用处理了,,,,,,
我20号买的,,,,商家发货地是哪里？,商家一直不发货,商家发货地是哪里？
我申请退款了拍了没多久,,,,发起售后申请后多久可以退款？,发起售后申请后多久可以退款？,发起售后申请后多久可以退款？
才能处理我的问题,,,,申请退货/退款后如何操作撤销退货/退款申请？,显示签收但实际未收到,申请退货/退款后如何操作撤销退货/退款申请？
怎么能解决问题呢,,,,,,
就是没有处理办法吗,,,,,,
哦我还以为明天就可以到货呢,,,,,,
人家说要发地址过来，人家才肯退货。,,,,如何查看商家退货地址？,如何查看物流信息？,如何查看物流信息？
怎么登记的,,,,,,
这都两天了,,,,,,
差两件，直接给我邮递就行了，为啥这么费劲,,快递无走件信息,,,,
还差5支的玻璃胶,,,,,,
2个工作日也没看见,,,,下单后多久可以发货？,,
編號什麽難弄是我名就知道了,,,,,,
电话呢？,,,,平台官方热线电话是多少？,已经退货了，多久可以退款？,已经退货了，多久可以退款？
因为太不道德了，还要我承担运费？,,,,,,
拼多多平台？没有你们．......？,,,,,,
那我过两天先让我妈买了洗洁精在卸载好了,,,,,,
是打电话联系吗,,如何联系人工在线客服？,,快递停滞不更新,,
我自己说的,,,,,,购买后多久可以收到产品？
我上边显示还有13个小时如果没有签收的话就自动确定收货了嗯然后我现在还没有收到快递单号然后怎么办,,快递放驿站/快递柜，我没有收到取件码,,显示签收但实际未收到,显示签收但实际未收到,收到商品破损/少件/错发
10957123,,,,,,
这是商家,,,,什么是7天无理由退货？,什么是7天无理由退货？,什么是7天无理由退货？
你那意思我就等待就完了呗,,,,,,
我己经退款了,,,,发起售后申请后多久可以退款？,发起售后申请后多久可以退款？,发起售后申请后多久可以退款？
我那个号码联系不到,,,,如何联系人工在线客服？,如何联系人工在线客服？,如何联系人工在线客服？
可以.谢谢你.我就是不晓得不然也不会轻易退款,,,,申请退货/退款后如何操作撤销退货/退款申请？,申请退货/退款后如何操作撤销退货/退款申请？,申请退货/退款后如何操作撤销退货/退款申请？
我没等红包出来就返回了,,,,快递中途显示返回了,快递中途显示返回了,快递中途显示返回了
前天你说24小时会处理[Facepalm],,,,平台客服介入处理需要多久？,平台客服介入处理需要多久？,平台客服介入处理需要多久？
说找不到地址,,,,如何查看商家退货地址？,如何查看商家退货地址？,如何查看商家退货地址？
商家没有客服,,,,如何联系人工在线客服？,如何联系人工在线客服？,如何联系人工在线客服？
多少天了,,,,,,
邀请好友有什么要求吗,,,,,,
昨晚在腾讯视频直播买的,,,,,,
没有处理时效的吗？,,,,,,
这是两个工作日吧,,,,,,
就像这样,,,,,,
24+48再+48小时？,,,,快递停滞不更新,快递停滞不更新,快递停滞不更新
不然解决不了问题,,,,什么是7天无理由退货？,什么快递发货？,
还是说申请退款 优惠券就没了,,,,申请退货/退款后如何操作撤销退货/退款申请？,申请退货/退款后如何操作撤销退货/退款申请？,申请退货/退款后如何操作撤销退货/退款申请？
真是无语了,,,,,,
难怪一直做不起来电商,,,,,,
退换货都两天了，联系好了没,,,,,,
好 谢谢/:rose/:rose,,,,,,
赔偿吧，不敢在要货了,,,,,,
你看看物流,,快递无走件信息,,如何查看物流信息？,如何查看商家退货地址？,如何查看商家退货地址？
苹果碰伤几个,,,,,,
我是做医药电商的，可以吗,,,,,,
不会的哦,,,,,,
你这里能解决吗,,,,快递停滞不更新,,快递停滞不更新
总是在网上买东西，不可能把地址填错的。,,如何修改收货地址或订单信息？,,如何修改收货地址或订单信息？,如何修改收货地址或订单信息？,如何修改收货地址或订单信息？
9号的订单，今天23号了，还要等几天,,,,商家发货地是哪里？,商家发货地是哪里？,商家发货地是哪里？
反正讲来讲去就是你们快递是真慢,,快递无走件信息,,,,
不想要，就凭商家这个态度！就要退款。,,商家拒绝退款/退货申请，怎么办？,,申请退货/退款后如何操作撤销退货/退款申请？,申请退货/退款后如何操作撤销退货/退款申请？,如何申请退款/退货？
为什么没有提示,,,,,,
贵公司办公地址在哪,,,,,,购买后多久可以收到产品？
你还是没看到么,,,,,,
核实好了吗,,,,商家一直不发货,商家一直不发货,商家一直不发货
东西看上去是正常的 一碰就响,,,,,,
深圳的是吧,,,,,,
12个,,,,坏果烂果,坏果烂果,商家拒绝退款/退货申请，怎么办？
查看物流说十七号就,,,,如何查看物流信息？,如何查看物流信息？,如何查看物流信息？
沟通几天了都,,,,后台显示待退货,,发起售后申请后多久可以退款？
昨天直播特价我拍的，今天说快递异常让我退货，这个事能解决吗,,,,什么是7天无理由退货？,,什么是7天无理由退货？
好的 [Facepalm]我用了的五折的券也能退嘛,,,,后台显示待退货,什么是7天无理由退货？,商家一直不发货
我到时候就所有评论全部都刷单不回款,,,,,,
哪个鬼客服电话联系我了？是我刚打了电话过去的,,,,如何联系人工在线客服？,如何联系人工在线客服？,如何联系人工在线客服？
商家,,,,,,
商家客服电话多少,,平台官方热线电话是多少？,,平台官方热线电话是多少？,,平台客服介入处理需要多久？
开服务费的？,,,,,,
我已经发了很多遍了,,,,平台客服介入处理需要多久？,平台客服介入处理需要多久？,下单后多久可以发货？
解决好了不投诉,,,,后台显示待退货,,发起售后申请后多久可以退款？
现在没有了/::D,,,,,,
退货没地址，运费咋办？,,,,如何查看商家退货地址？,如何查看商家退货地址？,如何查看商家退货地址？
商家聊天框一直在加载,,,,,购买后多久可以收到产品？,购买后多久可以收到产品？
过了24了吧,,,,发起售后申请后多久可以退款？,,发起售后申请后多久可以退款？
新人给的,,,,后台显示待退货,后台显示待退货,
等了好几天，还要等多久？这效率太低了！,,,,下单后多久可以收到？,,下单后多久可以收到？
你提醒一下，让他帮我退款,,发起售后申请后多久可以退款？,,申请退货/退款后如何操作撤销退货/退款申请？,申请退货/退款后如何操作撤销退货/退款申请？,如何申请退款/退货？
我要求周五送到的,,,,商家发货地是哪里？,商家发货地是哪里？,商家发货地是哪里？
我每天就等你们的电话嘛,,,,平台官方热线电话是多少？,平台官方热线电话是多少？,平台官方热线电话是多少？
好的，太久了吧送货,,快递无走件信息,,商家发货地是哪里？,商家发货地是哪里？,商家发货地是哪里？
怎么没退回微信,,,,商家拒绝退款/退货申请，怎么办？,商家拒绝退款/退货申请，怎么办？,商家拒绝退款/退货申请，怎么办？
你看不清么,,,,,,
我看有人在做新用户拉新,,,,,,
我地址怎么不对了，手机号码也不是报告的号码，货收不到怎么办？,,,,如何修改收货地址或订单信息？,如何修改收货地址或订单信息？,如何修改收货地址或订单信息？
你的服务我满意，平台对消费者的态度十分不满意,,,,质量问题,发起售后申请后多久可以退款？,质量问题
3个,,,,质量问题,质量问题,质量问题
没有可能吧,,,,,,
是个男的,,,,,,
商家客服不在...,,,,如何联系人工在线客服？,如何联系人工在线客服？,如何联系人工在线客服？
🈚️,,,,购买后多久可以收到产品？,质量问题,
哪有这种霸王条约？,,,,,,
我退款之前就已经没了,,,,申请退货/退款后如何操作撤销退货/退款申请？,申请退货/退款后如何操作撤销退货/退款申请？,申请退货/退款后如何操作撤销退货/退款申请？
说的是手机号码,,如何修改收货地址或订单信息？,,,,
那现在不用理，对吗,,,,什么是7天无理由退货？,什么是7天无理由退货？,
天天要我来催,,,,商家一直不发货,后台显示待退货,
麻烦处理一下,,,,坏果烂果,商家拒绝退款/退货申请，怎么办？,质量问题
当时咋不那么说,,,,,,
避免更多人被骗,,,,,,
没有了，这个给解决就/:ok,,,,,,
一个问题我在淘宝在拼多多,,,,,,
啥时候返的,,,,下单后多久可以发货？,下单后多久可以发货？,下单后多久可以发货？
3305674,,,,,,
不用。我就要退货,,如何操作退货？,,如何操作退货？,如何操作退货？,如何操作退货？
这样总行了吧,,,,,,
几时可以入住,,,,,,
天天加急,,,,,,
我就那么空闲？,,,,,,
行了，我不要了，你介入退款,,,,申请退货/退款后如何操作撤销退货/退款申请？,申请退货/退款后如何操作撤销退货/退款申请？,申请退货/退款后如何操作撤销退货/退款申请？
我申请的退货怎么也没进展了。,,商家拒绝退款/退货申请，怎么办？,,后台显示待退货,商家拒绝退款/退货申请，怎么办？,后台显示待退货
供应商入驻怎么个流程,,,,,,
能不能拦截回去,,,,,,
我的巧克力都跑上虫子了,,,,,,
天天等你们电话？,,如何联系人工在线客服？,,平台官方热线电话是多少？,平台官方热线电话是多少？,平台官方热线电话是多少？
怎么处理？啥时候有答复,,,,质量问题,质量问题,质量问题
新人都不好好对待，那怎么留住顾客,,,,,,
能不能行,,,,如何申请退款/退货？,,如何申请退款/退货？
最后问一次，能解决吗？不解决我将向消协投诉。,,,,什么是7天无理由退货？,,
我刚才联系到卖家了！辛苦你了,,,,快递无走件信息,,快递无走件信息
商家糊弄,,,,什么是7天无理由退货？,什么是7天无理由退货？,什么是7天无理由退货？
还要我保留外箱，,,,,,,
搞笑吧,,,,快递在其他地址被签收,快递停滞不更新,快递在其他地址被签收
这个订单 这家店,,,,,,
刚申请退款麻烦同意下,,发起售后申请后多久可以退款？,,商家拒绝退款/退货申请，怎么办？,商家拒绝退款/退货申请，怎么办？,商家拒绝退款/退货申请，怎么办？
那么多快递都没丢过,,快递无走件信息,,,,
发错的快递单号是多少,,快递无走件信息,,,,
这不扯吗？,,,,商家拒绝退款/退货申请，怎么办？,商家拒绝退款/退货申请，怎么办？,
芒果,,,,,,
<订单号> 这个订单 帮我处理下下 买家申请了退款 我拒绝了 我要正常给他发货 现在点不了发货,,退货发什么物流及如何上传物流单号？,,什么是7天无理由退货？,什么是7天无理由退货？,什么是7天无理由退货？
纸品商家运营群怎么进入呢？,,,,,,
就是新人跟买,,,,如何操作退货？,如何操作退货？,如何操作退货？
我的两个订单怎么处理？,,,,后台显示待退货,后台显示待退货,后台显示待退货
还有好几个呢,,,,,,
腾讯客服不好找啊,,,,如何联系人工在线客服？,如何联系人工在线客服？,如何联系人工在线客服？
Ok,,,,,,
还是退货退款问题,,已经退货了，多久可以退款？,,如何操作退货？,如何操作退货？,如何操作退货？
那个商户入驻，需要邀请码,,,,,,
我天天投诉你们,,,,如何投诉快递,如何操作取消订单？,如何操作取消订单？
复制不了,,,,后台显示待退货,后台显示待退货,后台显示待退货
我怀疑买的就是秭归橙子,,,,,,
zaibu,,,,,,
多久能有结果,,,,下单后多久可以收到？,下单后多久可以发货？,下单后多久可以收到？
先办公司在问还是,,,,,,
联系客服又不理,,,,如何联系人工在线客服？,如何联系人工在线客服？,如何联系人工在线客服？
你往下看物流,,如何查看物流信息？,,如何查看物流信息？,如何查看商家退货地址？,
我不管你们谁去管这件事 说好了的能改 我就要在这个地址收货,,,,如何修改收货地址或订单信息？,坏果烂果,如何修改收货地址或订单信息？
我用的是那个满5.01用5元券那个,,,,,,
然后申请退款,,发起售后申请后多久可以退款？,,如何申请退款/退货？,如何联系人工在线客服？,如何申请退款/退货？
所以这就是你们的解决方式？,,,,后台显示待退货,后台显示待退货,
怎么还没结果,,,,商家拒绝退款/退货申请，怎么办？,商家拒绝退款/退货申请，怎么办？,商家延迟发货怎么办？
我不小心删掉了,,,,,,
这单什么时候能解决？,,,,什么是7天无理由退货？,什么是7天无理由退货？,
就这么多东西了，生产许可证呢？质量合格证呢？,,,,,,
晚上下单,,,,下单后多久可以发货？,下单后多久可以发货？,
客服人员说让我撤销申请,,申请退货/退款后如何操作撤销退货/退款申请？,,申请退货/退款后如何操作撤销退货/退款申请？,申请退货/退款后如何操作撤销退货/退款申请？,申请退货/退款后如何操作撤销退货/退款申请？
你好？什么时候可以给到我？,,,,下单后多久可以收到？,下单后多久可以收到？,下单后多久可以收到？
20支,,,,options@,,
我的货怎么了,,,,快递无走件信息,快递无走件信息,快递无走件信息
你帮我看一下什么时候送呢？,,,,下单后多久可以发货？,下单后多久可以发货？,
晕,,,,商家拒绝退款/退货申请，怎么办？,,商家拒绝退款/退货申请，怎么办？
只能纸的对吧,,,,,,
说尽快,,,,快递停滞不更新,快递停滞不更新,快递停滞不更新
是被取了吗,,,,商家一直不发货,,
重庆市九龙坡区华福雅苑23栋3单元4杠4,,,,,,
39,,,,options@,,
那也气的我够呛啊，气的我心跳，我就上不来气儿。,,,,什么是7天无理由退货？,,
就是我领卷下单价格不动,,,,快递无走件信息,快递无走件信息,快递无走件信息
你们要不回复我，我都快忘记啦,,,,,,
我就是不舒服，出12元运费也把东西退回去,,,,如何操作退货？,如何操作取消订单？,如何操作取消订单？
我这边有水果，想和咱们合作,,,,,,
哦！我打电话问问,,如何联系人工在线客服？,,,,
看下这快递什么意思,,什么快递发货？,,什么快递发货？,什么快递发货？,什么快递发货？
今天没有来电话哎,,,,,,平台客服介入处理需要多久？
没有物流啊,,如何查看物流信息？,,,,
刚刚看了，没有,,,,,,
能拒签的就让快递原路退回了，就不签收,,可以拒签商品吗,,可以拒签商品吗,后台显示待退货,发起售后申请后多久可以退款？
怎么品牌项没有选择的,,,,什么是7天无理由退货？,,
好，你们新平台，质量问题要控制好，要不然客户买几次都有问题的话就不再来购买了,,质量问题,,质量问题,质量问题,质量问题
没出来,,,,发起售后申请后多久可以退款？,发起售后申请后多久可以退款？,可以拒签商品吗
我好久申请退款的？,,发起售后申请后多久可以退款？,,如何申请退款/退货？,如何申请退款/退货？,如何申请退款/退货？
为什么不能退货,,如何操作退货？,,如何操作退货？,,如何操作退货？
串通一气,,,,,,
还有买了这柑只有一个好吃,,,,,,
不过又退货了,,,,如何操作退货？,如何操作退货？,如何操作退货？
如果客服,,,,发起售后申请后多久可以退款？,发起售后申请后多久可以退款？,发起售后申请后多久可以退款？
投诉没用呗,,,,,,
还是公众号联系我,,,,,,
怎么联系商家,,如何联系人工在线客服？,,如何联系人工在线客服？,如何联系人工在线客服？,如何联系人工在线客服？
什么时候可以解决问题,,,,下单后多久可以收到？,下单后多久可以收到？,平台客服介入处理需要多久？
下单后，我就申请退款，但48小时候，你们却发货了，怎么个意思？,,,,下单后多久可以收到？,下单后多久可以收到？,下单后多久可以收到？
没人联系,,如何联系人工在线客服？,,商家拒绝退款/退货申请，怎么办？,商家拒绝退款/退货申请，怎么办？,如何联系人工在线客服？
登记的把撤销吧,,,,申请退货/退款后如何操作撤销退货/退款申请？,申请退货/退款后如何操作撤销退货/退款申请？,申请退货/退款后如何操作撤销退货/退款申请？
这是昨天的朋友购买就有,,,,下单后多久可以发货？,下单后多久可以发货？,下单后多久可以发货？
水果需要摘，48小时能理解,,,,,,
/:8-),,,,options@,,
你好我的款怎么还没退回啊,,,,后台显示待退货,,后台显示待退货
你好，这个都是多久更新？,,,,快递停滞不更新,快递停滞不更新,快递停滞不更新
我说有问题的时候不让我退回去,,,,后台显示待退货,,后台显示待退货
???,,,,快递停滞不更新,快递停滞不更新,快递停滞不更新
要不我查一下怎么投诉吧 我投诉一下吧,,,,,,
妹子,,,,,,
我17号买的,,,,商家发货地是哪里？,商家发货地是哪里？,商家发货地是哪里？
我打消费者服务热线,,,,平台官方热线电话是多少？,平台官方热线电话是多少？,平台官方热线电话是多少？
商家说已经收到货不给退,,,,已经退货了，多久可以退款？,已经退货了，多久可以退款？,平台官方热线电话是多少？
从下单到现在已经10多天了？,,,,下单后多久可以收到？,,买到假货
我没等红包出来就返回了，怎么才能继续找到那个红包页面,,,,快递中途显示返回了,快递中途显示返回了,快递中途显示返回了
好的。大概多久有结果呢？,,,,下单后多久可以收到？,下单后多久可以收到？,下单后多久可以收到？
我直接联系,,,,如何联系人工在线客服？,如何联系人工在线客服？,如何联系人工在线客服？
电话都不来一个？,,,,平台官方热线电话是多少？,平台官方热线电话是多少？,平台官方热线电话是多少？
你帮我退一下吧 我该下地址,,,,如何查看商家退货地址？,如何查看商家退货地址？,如何查看商家退货地址？
那多久自动收货,,购买后多久可以收到产品？,,购买后多久可以收到产品？,质量问题,
请问优惠券可以,,,,,,
我在等回馈 别的没有了,,,,,,
麻烦帮我催催吧,,,,快递停滞不更新,快递停滞不更新,快递停滞不更新
合适吗,,,,什么快递发货？,,什么是7天无理由退货？
手机号没有绑定,,,,,,
你们还不用赔偿了,,,,,,
那是我退款了，回来他再发了,,,,申请退货/退款后如何操作撤销退货/退款申请？,申请退货/退款后如何操作撤销退货/退款申请？,申请退货/退款后如何操作撤销退货/退款申请？
订单编号：<订单号>,,,,,,
你看上周五我问的,,,,快递无走件信息,,描述不符
我看物流显示,,快递无走件信息,,如何查看物流信息？,如何查看物流信息？,如何查看物流信息？
发一下物流电话,,,,平台官方热线电话是多少？,平台官方热线电话是多少？,平台官方热线电话是多少？
是不是这个,,,,,,
刷新完就这样[流汗],,,,,,
不用了，店家已经明确表示不会退款的,,商家拒绝退款/退货申请，怎么办？,,申请退货/退款后如何操作撤销退货/退款申请？,申请退货/退款后如何操作撤销退货/退款申请？,申请退货/退款后如何操作撤销退货/退款申请？
让我再次申请退款,,发起售后申请后多久可以退款？,,如何申请退款/退货？,如何申请退款/退货？,
修改了可以用于以后的订单,,买错了，需要修改订单内容,,买错了，需要修改订单内容,买错了，需要修改订单内容,
到账啦，可能红包延迟了吧,,,,,,
请快点解决问题,,,,后台显示待退货,后台显示待退货,后台显示待退货
我没必要跟他们费口舌,,,,,,
我怎么查询这个订单,,,,,,
电话没人接,,,,平台官方热线电话是多少？,平台官方热线电话是多少？,
怎么商家入驻？,,,,,,
我的订单不用我付运费吧,,,,,,
不好喝，包装和纸箱糊到一起了,,,,,,
这个情况我跟商家反馈几天了,,,,商家拒绝退款/退货申请，怎么办？,商家拒绝退款/退货申请，怎么办？,商家拒绝退款/退货申请，怎么办？
请安排退款,,,,发起售后申请后多久可以退款？,后台显示待退货,发起售后申请后多久可以退款？
但是已经过了二十四小时了,,,,商家一直不发货,后台显示待退货,后台显示待退货
这种情况一般怎么处理,,,,如何操作退货？,如何操作退货？,如何操作退货？
退货太麻烦,,什么是7天无理由退货？,,如何操作退货？,如何操作退货？,
我也不知道在哪看,,,,如何查看物流信息？,如何查看物流信息？,如何查看商家退货地址？
嗯，尽快回复，谢谢,,,,,,
怎么找商家客服,,,,如何联系人工在线客服？,如何联系人工在线客服？,如何联系人工在线客服？
你看我啥时候下单的,,,,下单后多久可以收到？,,
可是我没有用过这个啊,,,,,,
你们专员是光吃饭不干活吧,,,,,,
什么时间,,,,,,
你们还行不行了,,,,,,
我拿袋子来装东西都漏,,,,质量问题,质量问题,
请问下你们产品合作应该跟谁联系呢。,,,,,,
我5.7号的投诉，直到5.20号你们客服让自己申请部分退款,,发起售后申请后多久可以退款？,,申请退货/退款后如何操作撤销退货/退款申请？,申请退货/退款后如何操作撤销退货/退款申请？,申请退货/退款后如何操作撤销退货/退款申请？
你看下到了吗,,,,下单后多久可以收到？,下单后多久可以收到？,买到假货
地址是河北省唐山市丰润区老庄子镇沙雾庄村,,,,,,
是给补发的,,,,质量问题,申请退货/退款后如何操作撤销退货/退款申请？,质量问题
艹,,,,平台官方热线电话是多少？,平台官方热线电话是多少？,平台官方热线电话是多少？
然后呢？ 还需要我提供地址吗,,,,如何查看商家退货地址？,如何操作退货？,如何操作退货？
可否投诉,,,,快递停滞不更新,快递停滞不更新,快递停滞不更新
退款就行了,,发起售后申请后多久可以退款？,,如何申请退款/退货？,如何申请退款/退货？,如何申请退款/退货？
3.1,,,,快递停滞不更新,快递停滞不更新,快递停滞不更新
刚才那家掌柜联系我，说是退款2毛钱呢,,,,如何申请退款/退货？,如何申请退款/退货？,
也没给我啊,,,,商家拒绝退款/退货申请，怎么办？,商家拒绝退款/退货申请，怎么办？,坏果烂果
没品牌妈说,,,,,,
刚图片就那两个,,,,,,
不懂,,,,如何查看物流信息？,如何查看物流信息？,如何查看物流信息？
算了，我懒得要，垃圾企鹅系统,,,,如何操作退货？,如何操作退货？,
之后好像就不可以了,,,,,,
我等了2天没回款,,,,,,
要退回才能申请吗,,已经退货了，多久可以退款？,,申请退货/退款后如何操作撤销退货/退款申请？,,申请退货/退款后如何操作撤销退货/退款申请？
没有快递单号，我也没法联系快递小哥拒收,,快递无走件信息,,,,
明天上午10点之前必须退给我,,,,后台显示待退货,后台显示待退货,后台显示待退货
全都给了,,,,平台客服介入处理需要多久？,,
我那订单货，你们平台怎么处理的，没有结果呢,,,,后台显示待退货,,
有全面的规则玩法讲解么？,,,,商家一直不发货,商家一直不发货,商家一直不发货
商家服务,,,,如何申请退款/退货？,,如何申请退款/退货？
体验了一单，发货时间要，48小时,,,,下单后多久可以发货？,下单后多久可以发货？,下单后多久可以发货？
这商家的问题，应该给我寄过去正确的地址，没毛病吧,,,,如何查看商家退货地址？,如何查看商家退货地址？,如何查看商家退货地址？
有改吗,,,,质量问题,质量问题,
那从什么时候开始算啊？,,,,,,
到了设,,,,下单后多久可以收到？,下单后多久可以收到？,买到假货
申请退款的订单直接给我取消了。我说了是玉米发酸了才申请退款的，商家要是愿意出运费我可以把剩下的四根玉米退回去,,,,如何操作取消订单？,如何操作取消订单？,如何操作取消订单？
你好，因为买鸡蛋破损，店家叫我发收款码要赔付我四块，我发错付款码，这样我付款码在他那会不会造成我的经济损失呢？,,收到商品破损/少件/错发,,买错了，需要修改订单内容,,如何修改收货地址或订单信息？
就是那样的啊,,,,快递停滞不更新,快递停滞不更新,快递停滞不更新
退出,,,,如何操作取消订单？,如何操作取消订单？,如何操作取消订单？
不用了，说是单号上传错了,,,,,质量问题,
上个客服也是这样啊,,,,,,
麻烦给我开一下,,,,,,
就这样没了？,,,,商家一直不发货,商家一直不发货,商家一直不发货
咋办,,,,快递停滞不更新,快递停滞不更新,快递中途显示返回了
质量不好我要退款,,收到商品破损/少件/错发,,如何操作退货？,如何操作退货？,如何操作退货？
这能吃吗？,,,,,,
<订单号> 这单处理好了么？,,,,,,
我朋友不是在专属绝杀价里面购买的呢,,,,,,
我的那纸还没收到,,,,,,
第三，还没有退货了直接给我返运费，写的7天无理由退货,,什么是7天无理由退货？,,什么是7天无理由退货？,什么是7天无理由退货？,什么是7天无理由退货？
不管 不问,,,,什么是7天无理由退货？,什么是7天无理由退货？,
多谢,,,,如何操作取消订单？,如何操作取消订单？,如何操作取消订单？
好气呀,,,,如何修改收货地址或订单信息？,如何修改收货地址或订单信息？,如何修改收货地址或订单信息？
我已经联系到他们,,,,,,
"/:,@o/:,@o/:,@o",,,,,,
一星期了,,,,,,
第一次在你们平台买东西就出这样的问题，以后不敢在这上面买东西了,,,,如何申请退款/退货？,如何申请退款/退货？,如何申请退款/退货？
但是没有返，什么都不显示,,,,发起售后申请后多久可以退款？,发起售后申请后多久可以退款？,
笑了,,,,买错了，需要修改订单内容,买错了，需要修改订单内容,
找你们客服反馈个这个简单的事，简直拉低人的智商,,,,如何联系人工在线客服？,如何联系人工在线客服？,已经退货了，多久可以退款？
我那个单还没有处理好吗。,,,,申请退货/退款后如何操作撤销退货/退款申请？,申请退货/退款后如何操作撤销退货/退款申请？,申请退货/退款后如何操作撤销退货/退款申请？
要退回去吗,,已经退货了，多久可以退款？,,什么是7天无理由退货？,你们平台卖的是正品吗？,你们平台卖的是正品吗？
我要求按照法律法规赔偿,,,,,,
入驻要不要交钱,,,,,,
没发货我就退掉了,,,,什么是7天无理由退货？,后台显示待退货,什么是7天无理由退货？
而且卖家一直不回复信息,,,,,,
可是我不想退款重拍[Facepalm],,,,,,
快递到了吗,,快递无走件信息,,什么快递发货？,买错了，需要修改订单内容,什么快递发货？
取消好了吗,,,,如何操作取消订单？,,如何操作取消订单？
我知道你们工作人员的不易，但我要解决结果，你们平台解决不了吗？,,,,平台客服介入处理需要多久？,平台客服介入处理需要多久？,平台客服介入处理需要多久？
拍错码了，现在联系不到商家，申请退再重拍,,,,申请退货/退款后如何操作撤销退货/退款申请？,申请退货/退款后如何操作撤销退货/退款申请？,申请退货/退款后如何操作撤销退货/退款申请？
联系这个电话可以吗,,,,平台官方热线电话是多少？,已经退货了，多久可以退款？,已经退货了，多久可以退款？
商家不在线,,,,如何联系人工在线客服？,如何联系人工在线客服？,如何联系人工在线客服？
发货在,,下单后多久可以发货？,,商家一直不发货,商家一直不发货,商家一直不发货
总是跳到新人啥啥的,,,,,平台客服介入处理需要多久？,